,category,fname,mif_idx,softmax[category]
0,aiming,yt-0gwUV4Ze-Hs_390.mp4,65,0.005700813606381416
1,aiming,yt-0qYbATyHm2A_59.mp4,25,0.0036816049832850695
2,aiming,yt-2yYb3iQCivw_130.mp4,52,0.00439284835010767
3,aiming,yt-chT_6aIyhD4_47.mp4,45,0.005040872376412153
4,aiming,yt-fG9wZzs4jis_124.mp4,72,0.005777668673545122
5,aiming,yt-fM2iXUuaP7U_48.mp4,61,0.007470177486538887
6,aiming,yt-iVSy96zolvw_23.mp4,30,0.00659199571236968
7,applauding,yt-06tUmXhgnSY_4.mp4,34,0.0003532327536959201
8,applauding,yt-A70byjNkwdA_4.mp4,74,0.00014025613199919462
9,applauding,yt-E14-2TmbCD8_12.mp4,46,8.188585343305022e-05
10,applauding,yt-H42A6AeUg8Q_11.mp4,5,0.0002624097396619618
11,applauding,yt-e9YwItc0qUc_5.mp4,51,0.00019213288032915443
12,arresting,yt-AjdbE8lIzAY_218.mp4,11,0.0004921773797832429
13,arresting,yt-O9vXFcXLWVQ_50.mp4,6,0.00014576282410416752
14,arresting,yt-wY-LUhSZtv8_16.mp4,0,0.00011141695722471923
15,ascending,vine_R-Mah0Jqm9OXZ_1.mp4,65,1.2658750847549527e-07
16,ascending,yt-08LpbgrFhyo_2.mp4,53,0.00011288194946246222
17,ascending,yt-aIp6GNk0NG4_137.mp4,72,1.6364245993827353e-06
18,ascending,yt-sjxvXuCQIoU_143.mp4,31,2.1069159629405476e-05
19,ascending,yt-xW48ktKB13Q_39.mp4,38,2.4504038265149575e-06
20,asking,meta-5666883_115.mp4,19,0.0018717364873737097
21,asking,yt-88_n25o35nE_36.mp4,52,0.0052901930175721645
22,asking,yt-ALjL-t6h6Yo_179.mp4,9,0.0008191319066099823
23,asking,yt-XkdkHDKypOU_114.mp4,55,0.0033098093699663877
24,asking,yt-_tFsQngz17c_203.mp4,69,0.005436021834611893
25,asking,yt-eFZMh88U-ZQ_169.mp4,9,0.003984518814831972
26,asking,yt-hTlLcnblrXQ_8.mp4,6,0.006693631410598755
27,assembling,giphy-7StsXUurbtPOM_1.mp4,29,0.0004379534220788628
28,assembling,yt-2EcFNzqeBRI_92.mp4,27,8.354186866199598e-05
29,assembling,yt-2m5r0TXaVss_85.mp4,72,0.0005478927632793784
30,assembling,yt-2uUcsp0V4EQ_220.mp4,57,0.00038176830275915563
31,assembling,yt-392ViqcHhBY_138.mp4,53,0.00024122220929712057
32,assembling,yt-498pYTm57LE_9.mp4,29,0.0004353478434495628
33,assembling,yt-5RertVto1RU_212.mp4,26,0.0002204925549449399
34,assembling,yt-NffegwfAcJc_60.mp4,11,2.2042773707653396e-05
35,assembling,yt-nEItI82QYkk_193.mp4,37,0.00010104122338816524
36,assembling,yt-vJbPD1EPAgQ_1677.mp4,28,0.00044416863238438964
37,attacking,giphy-dKoizZQpO92nK_4.mp4,28,0.000471400999231264
38,attacking,yt-0Pj8QKTvRTQ_42.mp4,27,0.000987335341051221
39,attacking,yt-i0GW0Vnr9Yc_13.mp4,25,0.0006667044945061207
40,autographing,yt-1UFzgLo9Qtw_8.mp4,0,8.624148176750168e-05
41,autographing,yt-6fOCxri2AR8_97.mp4,37,1.635615262784995e-05
42,autographing,yt-fmumpVQdy-Q_28.mp4,19,4.386679574963637e-05
43,baking,yt-0Gy_u05iEfQ_417.mp4,54,9.033654350787401e-06
44,baking,yt-1F-On_OevOw_420.mp4,52,0.0002548344782553613
45,baking,yt-3_jsQOtSYVo_90.mp4,15,9.466616575082298e-06
46,baking,yt-4d4Fkn3SRI0_238.mp4,8,2.9713864933000877e-06
47,baking,yt-5Ce2IJgxW2E_227.mp4,25,5.597975177806802e-05
48,baking,yt-7YFg0b1-eAc_190.mp4,17,1.4476789147011004e-05
49,baking,yt-XttoykXEV3w_2601.mp4,1,7.201209518825635e-05
50,baking,yt-_0eoVmsF8Mc_636.mp4,48,5.110162601340562e-05
51,baking,yt-_GWfW6aA9JM_259.mp4,74,7.767209899611771e-05
52,baking,yt-_yTwPHUgJM4_943.mp4,25,1.7182603187393397e-05
53,baking,yt-eG0Pu2uM5q0_163.mp4,54,3.8141240565892076e-06
54,balancing,giphy-69oQLZSCgBV04_5.mp4,69,0.000627724512014538
55,balancing,giphy-axV6rughQFsA0_4.mp4,72,9.231709555024281e-05
56,balancing,vine-Balancing-on-a-log-MPMdb99PwEq_2.mp4,57,0.0014379448257386684
57,balancing,yt-2nIpLNY66qw_957.mp4,45,4.876110324403271e-05
58,balancing,yt-7pwSKcFnSHs_998.mp4,34,0.0005353810847736895
59,balancing,yt-m3zrcNknWVE_199.mp4,70,0.0003390491474419832
60,balancing,yt-m3zrcNknWVE_253.mp4,65,0.0008070164476521313
61,balancing,yt-vnipmBjLWu0_21.mp4,5,0.00011494795035105199
62,baptizing,yt-2xOeRjkGpVs_13.mp4,51,0.0001015139787341468
63,baptizing,yt-NThMkmnf2Jc_153.mp4,20,0.00025316531537100673
64,baptizing,yt-W3L7-SJIn70_66.mp4,69,0.001028164871968329
65,baptizing,yt-aCUIqLG58ro_196.mp4,66,0.0005323289078660309
66,baptizing,yt-eN8-M_wLLg0_217.mp4,25,0.0005237626028247178
67,barbecuing,yt-98OpvjpNZHA_118.mp4,52,7.346614893322112e-06
68,barbecuing,yt-UU6M5FrBBAo_193.mp4,45,0.00023540870461147279
69,barbecuing,yt-UnKs9K46xFs_6.mp4,18,8.273072307929397e-05
70,barbecuing,yt-b5qkQDzTGNM_36.mp4,76,3.105934229097329e-05
71,barbecuing,yt-eZ-C72FckDQ_91.mp4,7,0.0006306713912636042
72,barbecuing,yt-oVru9yRIyc0_78.mp4,10,1.5905180816844222e-06
73,barbecuing,yt-waZdMFE_RSw_148.mp4,70,2.9918250220362097e-05
74,bathing,giphy-3otPouW2fQXlPFx2Fy_0.mp4,68,0.00010669054609024897
75,bathing,giphy-5b9vHVxt2YRjO_0.mp4,23,4.270363206160255e-05
76,bathing,yt-3ZsRs24OZkU_18.mp4,10,5.407626758824335e-06
77,bathing,yt-xxnVq5vj0MU_80.mp4,48,0.0003887067723553628
78,bending,YvIvQPmKDEs_34.mp4,13,2.7075273010268575e-06
79,bending,giphy-4gpUravKOfdSg_1.mp4,66,4.215151784592308e-05
80,bending,yt--FZ_-j9JVFI_146.mp4,39,0.00017975324590224773
81,bending,yt-0UEMkpXlAj8_16.mp4,42,3.92160973206046e-06
82,bending,yt-4M-IhhcgQ54_8.mp4,18,0.00045440750545822084
83,bending,yt-6o4IpCw3nV8_218.mp4,76,0.001112425117753446
84,bicycling,yt-5r5WH6nBey8_235.mp4,14,0.000578573381062597
85,bicycling,yt-8qr4AuJTy-I_11.mp4,45,0.00048228734522126615
86,bicycling,yt-9w3RzoD3BAc_17.mp4,69,0.00010286937322234735
87,bicycling,yt-cJC7lSqBe1Y_25.mp4,46,4.454515510587953e-05
88,biting,giphy-10rnmC2nwCvH4Q_0.mp4,55,2.7648358809528872e-05
89,biting,giphy-8kwmC2EF9Xb56_0.mp4,19,0.00013966159895062447
90,biting,yt-mvZCesZzwcM_28.mp4,2,4.525508120423183e-05
91,blocking,yt-2aVwsSQ4Vzk_162.mp4,52,2.591592783574015e-05
92,blocking,yt-2sZrBkV7qqg_36.mp4,5,0.0001262882142327726
93,blocking,yt-L0FlpzdzOs8_5.mp4,56,2.6173922833550023e-06
94,blocking,yt-bN99WyQTUug_475.mp4,37,2.3791493731550872e-05
95,blocking,yt-i8hfeQfkHp4_733.mp4,62,3.2828606890689116e-06
96,blowing,yt-3Px2D-8jqe0_17.mp4,40,7.854796280071241e-08
97,blowing,yt-4nkYD5JN4_k_10.mp4,48,0.0002476064837537706
98,blowing,yt-6SvQVtZTItA_43.mp4,75,2.0403128928592196e-06
99,blowing,yt-C0J6EQYYLzI_20.mp4,28,2.535754504151555e-07
100,blowing,yt-jwDMIYq3o58_9.mp4,67,6.742621189914644e-05
101,boarding,vine-Sand-boarding-M55VDUgVwuF_2.mp4,43,0.009020163677632809
102,boarding,yt-JCMD96iJa34_84.mp4,14,0.013313712552189827
103,boarding,yt-JgMxsZxGD1Q_172.mp4,27,0.00952900666743517
104,boating,yt--m0tVOPrHXc_15.mp4,66,0.001089571276679635
105,boating,yt-00J0uRWjHTQ_98.mp4,52,7.753911631880328e-05
106,boating,yt-0U3bnRrmdl8_40.mp4,13,8.159860590239987e-05
107,boating,yt-0XkFj7HPKjo_95.mp4,62,0.00016560975927859545
108,boating,yt-1GyQ1BMdB5k_25.mp4,10,0.00020877408678643405
109,boating,yt-1skMQ5IvJqs_35.mp4,14,4.445518243301194e-06
110,boating,yt-3Ah4I6ggDAU_4.mp4,72,0.00024664081865921617
111,boating,yt-7hLkxhGLSi4_8.mp4,37,4.340149462223053e-05
112,boating,yt-ET42MWy3XXk_26.mp4,3,2.419732481939718e-06
113,boating,yt-b9OfPEsgl1Q_3.mp4,9,0.00024219394254032522
114,bouncing,yt-28o9eWPtzo8_1082.mp4,76,8.972171053756028e-05
115,bouncing,yt-88F_tC_efG4_176.mp4,62,0.00012556392175611109
116,bouncing,yt-AVdWqOqQFos_25.mp4,43,3.016724258486647e-05
117,bouncing,yt-N9EOF3v1yts_72.mp4,16,3.006744918820914e-05
118,bowing,yt-2-qTH6z6j28_7.mp4,45,9.504800254944712e-05
119,bowing,yt-2MqWbj1wbhE_50.mp4,40,0.0001373808045173064
120,bowing,yt-8FHTpeLqxJ8_71.mp4,46,4.431031265994534e-05
121,bowing,yt-eXL33exIILo_897.mp4,0,6.313376843536389e-07
122,boxing,yt-3kGCMxuncMY_24.mp4,73,0.0015454776585102081
123,boxing,yt-9zZ1n2ZWDjE_205.mp4,66,0.0002989137137774378
124,boxing,yt-FZkEgqzn2os_107.mp4,48,1.2015680113108829e-05
125,boxing,yt-LYUt7A1ZV1g_180.mp4,32,0.0004942459054291248
126,boxing,yt-zqT2GzM0cOI_1.mp4,24,0.0011748661054298282
127,breaking,giphy-LirabC73gVe92_3.mp4,14,0.01407876517623663
128,breaking,giphy-l4FGBCsKUUdShJ7fq_1.mp4,20,0.015245238319039345
129,breaking,giphy-l4FGFun5ERye3Pqw0_0.mp4,56,0.014027399942278862
130,breaking,vine-Brooke-sucks-at-cracking-eggs-hXlgUrB3AKq_2.mp4,68,0.017459429800510406
131,brushing,giphy-vEtYxbEsTS3Sw_0.mp4,6,0.00027426343876868486
132,brushing,yt-8rx1V9RQuxM_7.mp4,72,0.00010073729208670557
133,brushing,yt-GTMDGBKGSXo_362.mp4,74,0.001484497101046145
134,brushing,yt-IGHpI5LRzuk_37.mp4,73,0.001321309246122837
135,brushing,yt-IV4Hm6kscPs_111.mp4,30,0.0012787606101483107
136,brushing,yt-iSGYyFkgr38_36.mp4,32,0.001387459342367947
137,brushing,yt-ppa0vDSrPY4_108.mp4,62,0.0015995859866961837
138,bubbling,giphy-3o7aCVhNQ38lb6KAeY_1.mp4,35,0.002223799703642726
139,bubbling,giphy-3owvK9B7vl6UXMdL8s_1.mp4,63,0.0024632608983665705
140,bubbling,giphy-8Z3Um9POsJTby_1.mp4,73,0.00015198242908809334
141,bubbling,giphy-a5w5O1s2CCtcQ_0.mp4,53,4.596167491399683e-05
142,bubbling,giphy-l0MYMoTEsyiQzA8Ew_0.mp4,73,0.0014954189537093043
143,bubbling,giphy-zs5BeWl187TQA_0.mp4,14,0.00029715552227571607
144,building,yt--yYBYG31pMw_28.mp4,75,0.000850067415740341
145,building,yt-2QtTv7kWzrY_68.mp4,73,0.002784967655315995
146,building,yt-2otcZXr9ZbA_44.mp4,47,0.0009767329320311546
147,building,yt-fQcr8XHjJCA_457.mp4,33,0.0016059562331065536
148,building,yt-rYw2sEtasxw_339.mp4,11,0.0014207951026037335
149,building,yt-v94mGos-7oE_232.mp4,60,0.0001640105911064893
150,burying,yt-0d4Pwu41lIM_8.mp4,14,0.006130669265985489
151,burying,yt-1tebyif9mBM_7.mp4,43,0.0908382385969162
152,burying,yt-2K9Hhe30hDk_65.mp4,56,0.1821221113204956
153,burying,yt-48P_PJ1rLEY_11.mp4,39,0.07565588504076004
154,burying,yt-4_YWQaUT1Xs_309.mp4,43,0.11468777805566788
155,burying,yt-5sWtnzcJkww_219.mp4,51,0.049044787883758545
156,buttoning,bing-www_wikihow_com_Button-a-Suit_81.mp4,28,0.010243619792163372
157,buttoning,vb-beautiful-fashionable-groom-button-cufflinks-smycp5eripit5xbv_4.mp4,55,0.00922491867095232
158,buttoning,yt-3MET8Aq9vIU_5.mp4,75,0.009174899198114872
159,buttoning,yt-J1q0x4-oMrU_23.mp4,52,0.005117716267704964
160,buttoning,yt-QI2dYuXHYf8_76.mp4,61,0.009004807099699974
161,buttoning,yt-utSK1H0G0uI_15.mp4,54,0.005816273391246796
162,buying,edCluXW6R3c_18.mp4,67,0.0014245746424421668
163,buying,yt-HYsttgavcnI_781.mp4,41,0.001813497394323349
164,buying,yt-JTmtKd4sa6s_1.mp4,39,0.00108648173045367
165,calling,yt-GBs0oflK3p8_418.mp4,34,0.0008458499796688557
166,calling,yt-WAXqRgbhZC8_303.mp4,16,0.00018447471666149795
167,calling,yt-dO0OuozAgt0_225.mp4,21,0.0005246517830528319
168,camping,yt-ay2n6lTs6jI_21.mp4,59,3.710882447194308e-05
169,camping,yt-fJPAYpqHHDA_768.mp4,65,0.00018054804240819067
170,camping,yt-qS3TBAT_tsg_153.mp4,3,0.0016440413892269135
171,camping,yt-yNaUoBUHKPg_59.mp4,27,0.0012189870467409492
172,carrying,giphy-xUPGcCDDvNHzZ5PwSk_1.mp4,60,0.008790656924247742
173,carrying,yt-1tp-x9_tr0A_375.mp4,14,0.0027167557273060083
174,carrying,yt-JtNHvgXR2LQ_266.mp4,3,0.00633149454370141
175,carrying,yt-xnqqB-leeaQ_128.mp4,77,0.007714452687650919
176,carving,yt-BlWfK4MkjWA_469.mp4,56,1.1302347957098391e-05
177,carving,yt-_8i8MirMjOQ_290.mp4,61,0.0006929346709512174
178,carving,yt-_fDxRDV_D28_132.mp4,0,1.7197485249198508e-06
179,carving,yt-aTEGTeQuDWM_93.mp4,6,0.0002791438309941441
180,carving,yt-buM__ylqDQA_190.mp4,51,2.2101660306361737e-06
181,carving,yt-sgr0jxXfrQ0_289.mp4,46,0.0005204398767091334
182,catching,yt--bfwz29nmb4_19.mp4,2,5.350793799152598e-05
183,catching,yt-AbJBxqEYoMg_105.mp4,33,2.1744406694779173e-05
184,catching,yt-GaJaxp546lc_22.mp4,44,2.6303166578145465e-06
185,catching,yt-aCKpKOnV3FI_354.mp4,11,1.738506580295507e-05
186,celebrating,IBmQHNiHe7Y_218.mp4,6,6.692374881822616e-05
187,celebrating,giphy-O3czs2ze6v4eA_0.mp4,23,7.401136099360883e-05
188,celebrating,yt-Gce9up9FTMA_76.mp4,5,2.261159897898324e-05
189,celebrating,yt-Oq5OYvfAi_g_75.mp4,74,3.8898946513654664e-05
190,celebrating,yt-uCWYNtJs5aA_18.mp4,69,3.2153824577108026e-05
191,celebrating,yt-x-dPoCfk2n8_90.mp4,29,6.990041583776474e-05
192,cheering,yt--Tm4SYvYEYc_5.mp4,41,0.0002074825606541708
193,cheering,yt-4wUgIvkoI_0_6.mp4,10,0.0005955825326964259
194,cheering,yt-7TjnxFLMM4I_73.mp4,6,0.00038797498564235866
195,cheering,yt-8eF_5FLToWo_2.mp4,56,0.0007380789029411972
196,cheerleading,yt-1q8BSnedfqA_69.mp4,37,0.0004095524491276592
197,cheerleading,yt-90fIryO4TX8_101.mp4,46,0.0002713330613914877
198,cheerleading,yt-DcbHMphXRtc_20.mp4,58,2.7386427973397076e-05
199,cheerleading,yt-RtfMqwGQclY_135.mp4,55,0.0003140416811220348
200,cheerleading,yt-ZQtpYTrK4mQ_205.mp4,41,0.0006581394118256867
201,cheerleading,yt-osePU0cGOj4_24.mp4,63,8.071830848166428e-07
202,chewing,yt-2oWHloUXATk_1023.mp4,44,0.0002309350820723921
203,chewing,yt-2vGE34HHHKw_751.mp4,73,4.289263961254619e-05
204,chewing,yt-5ISu0RwPoBs_149.mp4,69,3.239498255425133e-05
205,chewing,yt-71Y0TOk0Fa4_710.mp4,10,4.730796717922203e-05
206,chewing,yt-_JgY3UNXvVI_340.mp4,64,6.642277003265917e-05
207,chewing,yt-hkzmDTt9aWE_167.mp4,41,8.426329441135749e-05
208,chopping,yt-6JgCnD3Y9Fs_22.mp4,41,0.00010876164014916867
209,chopping,yt-6gKZI9zeiys_27.mp4,36,0.0009825358865782619
210,chopping,yt-Upqp21Dm5vg_332.mp4,60,0.0005170395597815514
211,chopping,yt-Ymr_tmPpD4Q_36.mp4,33,5.1549279305618256e-05
212,chopping,yt-pcjnZePNGKo_100.mp4,11,2.8154354367870837e-05
213,clapping,yt-0C2cBh_NZNU_21.mp4,29,0.971452534198761
214,clapping,yt-6eb3EAjCU14_6.mp4,5,0.9759567379951477
215,clapping,yt-8ssH5pwNNXI_17.mp4,3,0.8372663855552673
216,clapping,yt-9GYvscwGoF0_22.mp4,30,0.9967953562736511
217,clapping,yt-D7B4BBju23s_17.mp4,60,0.944236695766449
218,clapping,yt-hH1j06bMHDQ_159.mp4,72,0.511789858341217
219,clawing,nCfPDSxmgKs_530.mp4,58,7.773085235385224e-05
220,clawing,yt-It-fLwNhfWM_27.mp4,72,0.001083490322344005
221,clawing,yt-YDhLBpTnX9Q_1343.mp4,5,0.0001515928888693452
222,cleaning,yt-31gVOpImdAc_19.mp4,76,8.387435809709132e-05
223,cleaning,yt-6bFHNHUuqeI_22.mp4,62,0.0002115664246957749
224,cleaning,yt-8UndP78GEVM_31.mp4,72,0.0001343070762231946
225,cleaning,yt-VZOgwbXnaM8_198.mp4,61,9.629774285713211e-05
226,cleaning,yt-YTuez2Zvi9c_7.mp4,38,0.00023948702437337488
227,cleaning,yt-c8AR9y1sbQ4_56.mp4,19,5.252642949926667e-05
228,cleaning,yt-gg8wnqljQxU_41.mp4,63,0.00017793296137824655
229,cleaning,yt-q9DklvaXyyo_278.mp4,17,0.00013109110295772552
230,clearing,yt-2WfR-5XiT6U_87.mp4,67,0.00018548528896644711
231,clearing,yt-ExUq3rmAU7k_117.mp4,10,5.428704389487393e-05
232,clearing,yt-xScgp0hZlQ8_85.mp4,59,1.1857306390083977e-06
233,climbing,yt-0AK9XWETfWM_98.mp4,2,7.1996219048742205e-06
234,climbing,yt-LaXg_BRGNZ4_13.mp4,73,0.00014795019524171948
235,climbing,yt-e_3CnuhqKBM_8.mp4,13,0.000200207534362562
236,climbing,yt-fx7pyYd-uzE_59.mp4,26,0.00012119992607040331
237,clipping,yt-2X1FUcLhFYM_168.mp4,53,0.0001416507293470204
238,clipping,yt-3uXCbX0mGyE_61.mp4,28,0.0022804781328886747
239,clipping,yt-KtDYoOr6JtA_92.mp4,10,0.003100762376561761
240,clipping,yt-bpuYKr842vQ_72.mp4,33,0.003162425011396408
241,clipping,yt-haPGirUZggA_53.mp4,76,0.004717289004474878
242,clipping,yt-peY3Xo6_QPc_14.mp4,70,0.0032141804695129395
243,closing,yt-3UiB_5en3gg_145.mp4,58,0.0005799634964205325
244,closing,yt-6TZXFkMVYSY_15.mp4,23,0.0007324064499698579
245,closing,yt-bP-kl-Ihxfs_5.mp4,0,0.00010928224946837872
246,coaching,yt-1gsKGEKdzYA_96.mp4,70,0.012679759413003922
247,coaching,yt-NduRHeaoCMA_112.mp4,6,0.018531395122408867
248,coaching,yt-PmVfW_9tVb0_199.mp4,74,0.020467540249228477
249,coaching,yt-tlACYuB1S34_35.mp4,70,0.011071902699768543
250,combing,yt-73MycjBccOs_600.mp4,62,5.3656636737287045e-05
251,combing,yt-AeVngoE9Oys_134.mp4,65,0.00015852932119742036
252,combing,yt-DHVD6UxC16c_458.mp4,9,2.2351809093379416e-05
253,combing,yt-L8Yhw207sD8_143.mp4,7,2.9790273401886225e-05
254,combing,yt-WNuZQnqY2Gs_132.mp4,20,0.00015296558558475226
255,combing,yt-hwV2JPpUC9I_101.mp4,16,0.00011310867557767779
256,combusting,yt-FL1HwIVSyMs_52.mp4,4,6.367513833538396e-06
257,combusting,yt-SWfDbM_s0SE_212.mp4,75,0.0002702236524783075
258,combusting,yt-ZD-_-xoBs-U_88.mp4,69,0.00022744355374015868
259,competing,yt-YWpB0HlPXuA_191.mp4,62,0.008628921583294868
260,competing,yt-wkAeEzLMhlY_212.mp4,15,0.003801678540185094
261,competing,yt-y14Nhu4sBJA_780.mp4,1,0.000293202989269048
262,constructing,JY-UFun4MSE_130.mp4,42,0.002299805637449026
263,constructing,giphy-4LBLKGxH7f9Fm_1.mp4,48,0.0008037637453526258
264,constructing,uhBiokCfMIY_247.mp4,0,0.0011373406741768122
265,constructing,yt-7PdAkCaeI2s_96.mp4,14,0.0003180449712090194
266,constructing,yt-GEN6puSPRL4_33.mp4,25,0.0036899002734571695
267,constructing,yt-JY1mxnXCeF8_226.mp4,57,0.0031004997435957193
268,constructing,yt-akQNebcFeYc_129.mp4,74,0.0009350892505608499
269,constructing,yt-l0KnpgfXIIA_100.mp4,72,0.0027423498686403036
270,cooking,PqRLnGvK9mw_276.mp4,57,0.0001563751429785043
271,cooking,UzXDo9oxpHc_61.mp4,7,0.00015432749933097512
272,cooking,VPLK2oMPV2w_85.mp4,64,0.0002025448775384575
273,cooking,giphy-Y8MVSvHwbASqc_4.mp4,16,0.0008845363045111299
274,cooking,uCpOeI5OzGU_94.mp4,43,0.0005906879086978734
275,cooking,vine-Vine-Video-Baking-Story-2-mcs204-hPlTing2azv_1.mp4,63,0.0002067134337266907
276,cooking,yt-2FuOFR22x74_168.mp4,55,0.00011719346366589889
277,cooking,yt-caz73RgNUlE_923.mp4,71,7.171326433308423e-05
278,cooking,yt-e973CXFvMWw_250.mp4,76,0.00010306866170139983
279,coughing,giphy-3QuLmF01Iuneg_0.mp4,29,6.004136957926676e-05
280,coughing,giphy-Dm8YlbCgJXb7G_0.mp4,60,0.002354244003072381
281,coughing,giphy-SbclQf6AAY40g_4.mp4,40,0.0019844898488372564
282,coughing,vine-MbBWqjWjArA_1.mp4,7,0.002375319367274642
283,coughing,yt--5dCv5_nvU8_205.mp4,16,0.001878894865512848
284,coughing,yt-JgxIyaKdwZc_54.mp4,48,0.001519789220765233
285,coughing,yt-KNuAkWYXHAk_169.mp4,71,0.0021076237317174673
286,cracking,yt-2vSw0cyHn9M_1.mp4,10,0.004297303501516581
287,cracking,yt-6SMj1Lzd8Ts_107.mp4,70,0.003030206309631467
288,cracking,yt-BjivvpFwQno_242.mp4,27,0.0006471763481386006
289,cracking,yt-DafeFcxOyyU_18.mp4,70,0.003638859372586012
290,cracking,yt-g0sqcPyWPRU_4.mp4,69,0.003864425467327237
291,cracking,yt-h3yTdG8cYWQ_64.mp4,41,0.0002902933629229665
292,cracking,yt-p0NgdskNW1c_229.mp4,76,0.002129078609868884
293,cracking,yt-s_28sLKWn6U_142.mp4,22,0.002152354922145605
294,cracking,yt-zLbYI7S9MPA_7.mp4,55,0.0021914730314165354
295,crafting,PrN1A15vFsk_9.mp4,68,0.00017041483079083264
296,crafting,nMmChNI7BfI_156.mp4,2,6.822404247941449e-05
297,crafting,yt-0d4VyIfrzhw_56.mp4,76,9.36813830776373e-06
298,crafting,yt-9Gq4CNk8mP8_210.mp4,13,3.677724453154951e-05
299,cramming,yt--jL7WwPOMvU_31.mp4,50,9.784499707166106e-05
300,cramming,yt-J4Ci5b3z4fo_4.mp4,26,2.612203843455063e-06
301,cramming,yt-Xn6-iTvN5So_66.mp4,39,2.8497979656094685e-05
302,crawling,giphy-k17JpnCcGN2qk_0.mp4,63,4.761009768117219e-05
303,crawling,yt-D2IqADeDZ2o_5.mp4,22,0.00025032248231582344
304,crawling,yt-kawmL3oVw8c_2.mp4,26,4.227882527629845e-06
305,crawling,yt-kjFb40DwwLs_56.mp4,42,5.94170815020334e-05
306,crawling,yt-nnOnO0Dw5dg_2.mp4,71,0.00013232266064733267
307,crouching,giphy-3oEjI5T7M3xyXALei4_2.mp4,15,0.004361131694167852
308,crouching,yt-mAuZDrQlNhg_32.mp4,47,0.00041497565689496696
309,crouching,yt-zoZWgTrZLd8_121.mp4,75,0.0005196034908294678
310,crushing,yt-2TGItFSkSyM_438.mp4,0,0.0007899031043052673
311,crushing,yt-5DVBRtuaWYc_398.mp4,45,0.0003952564438804984
312,crushing,yt-6VeEWNYzdqc_21.mp4,21,0.0004692897491622716
313,crushing,yt-A2bdTccCdOA_73.mp4,53,6.006079047438106e-07
314,crushing,yt-eU22i-4fFVE_137.mp4,0,0.000249029224505648
315,crushing,yt-jIlqNRut1ak_63.mp4,25,0.002074362011626363
316,crying,yt-4orMS_t1saU_35.mp4,37,0.00011222920147702098
317,crying,yt-SPnwoerM15o_73.mp4,43,2.269688411615789e-05
318,crying,yt-iinnPW0N3bI_26.mp4,76,0.0010111612500622869
319,crying,yt-j0iLxr4wQDA_34.mp4,0,6.24363892711699e-05
320,cuddling,yt-AKVa3ad_MC8_174.mp4,8,0.003526190295815468
321,cuddling,yt-FWdDGbuVeYI_117.mp4,41,0.026651637628674507
322,cuddling,yt-ZGSVHSKRA1M_69.mp4,4,0.0034120790660381317
323,cuddling,yt-_dhxI__FQEw_392.mp4,8,0.014279360882937908
324,cuddling,yt-dvL_q1yJK04_36.mp4,34,0.027046630159020424
325,cutting,yt-0C7FcEDccDQ_28.mp4,47,0.00034853690885938704
326,cutting,yt-6JgCnD3Y9Fs_22.mp4,41,0.00018583099881652743
327,cutting,yt-PUMaffdpyP0_47.mp4,32,0.0005018744268454611
328,cutting,yt-UgO4jE-puiE_67.mp4,71,0.000477279769256711
329,cutting,yt-_jfNUb59_00_543.mp4,29,0.00015075509145390242
330,dancing,yt--70wXQICQe8_35.mp4,31,0.0001288856874452904
331,dancing,yt-2BBucOyNKA8_78.mp4,35,6.765947182429954e-05
332,dancing,yt-7vIWVAx4I2A_50.mp4,46,0.00056918163318187
333,dancing,yt-_3VKnyHF-cM_1.mp4,75,2.916005723818671e-05
334,descending,0ka-hEJOatQ_135.mp4,48,0.00022033837740309536
335,descending,yt-94xBYNopGEA_202.mp4,16,4.252646249369718e-05
336,descending,yt-9T8jCtr4fBw_4.mp4,0,0.00016950762073975056
337,descending,yt-AJvV03hqKBE_135.mp4,28,3.875761467497796e-05
338,descending,yt-Zc6W77tKDEc_101.mp4,61,4.794200140167959e-05
339,descending,yt-sGckFFOLO30_164.mp4,74,3.1238228984875605e-05
340,descending,yt_R-NJHBQVkBxj0_15.mp4,53,0.00041728030191734433
341,destroying,yt-2AkoHH7gxlA_36.mp4,41,0.01259883213788271
342,destroying,yt-3Qtl2SlCqfc_131.mp4,35,0.011645693331956863
343,destroying,yt-9bMEFz5OAGw_411.mp4,75,0.011695928871631622
344,digging,yt-0AiQPWL3epE_132.mp4,5,0.0002652973053045571
345,digging,yt-0Nm0JSLIkBM_376.mp4,0,0.00010855517029995099
346,digging,yt-1pHQD7tuNgY_286.mp4,2,0.0002255502186017111
347,digging,yt-3k7gYOu6WXk_106.mp4,57,0.0003497901780065149
348,digging,yt-OedcwH3B-YE_501.mp4,60,0.00036674231523647904
349,digging,yt-TEs2FPLtgZw_335.mp4,7,9.31566501094494e-06
350,digging,yt-_nKbZZRFJp4_256.mp4,5,1.5342828191933222e-05
351,digging,yt-cco1zKVn0OI_3.mp4,8,3.222013765480369e-05
352,digging,yt-g4sCJa5ohj0_633.mp4,20,1.047830573952524e-05
353,dining,giphy-m6viLj5vduPmw_0.mp4,69,0.0009063846082426608
354,dining,vine-Fine-dining-MnIAHEJTYQw_3.mp4,65,0.0009510995587334037
355,dining,yt-E2Klz_wBAf8_285.mp4,74,0.002121871104463935
356,dining,yt-FDMROdv8N0A_118.mp4,7,0.0009250559378415346
357,dining,yt-LVLmnfnoUwE_243.mp4,75,0.0007352378452196717
358,dining,yt-lCxACesO_74_173.mp4,19,0.0024242091458290815
359,dipping,vine-When-dipping-goes-wrong-hX9KhIliKBW_1.mp4,60,0.00040370755596086383
360,dipping,yt-68BHzdGMZZw_697.mp4,77,4.806823199032806e-06
361,dipping,yt-FJj4_YCuA6s_25.mp4,71,0.00014522996207233518
362,dipping,yt-IorPjvIWy3U_28.mp4,41,0.00017882614338304847
363,dipping,yt-LKWHjArcVZ4_54.mp4,25,0.00012285151751711965
364,dipping,yt-rhfXEfjzBxs_242.mp4,52,7.313876994885504e-05
365,discussing,rh4GHYLk9oU_1041.mp4,52,0.0001930650178110227
366,discussing,yt-0PSdWSY_3m4_124.mp4,52,0.0010395500576123595
367,discussing,yt-33PKaLVxDC4_2703.mp4,16,0.0009148960234597325
368,discussing,yt-4b5lXt9rqIQ_269.mp4,64,0.001709099393337965
369,discussing,yt-5_knRwioioM_99.mp4,75,0.0009805843001231551
370,discussing,yt-ACR1T1nMR0E_57.mp4,54,4.5468124881153926e-05
371,discussing,yt-ljqH60v4EzI_1301.mp4,0,0.00036101744626648724
372,discussing,yt-m5imx_VufJU_47.mp4,60,0.000218207438592799
373,diving,yt-1xpKanBz6VY_261.mp4,36,9.462238085689023e-05
374,diving,yt-Mut3Huer9Hw_1.mp4,4,0.0002060130937024951
375,diving,yt-S8Nu1Ux44jI_55.mp4,38,0.0010951855219900608
376,diving,yt-pyg4jIBQyeI_16.mp4,38,0.0017924050334841013
377,draining,yt-cIUorSTElSM_24.mp4,34,0.00013664053403772414
378,draining,yt-gBVislSdg_4_46.mp4,11,3.901584932464175e-05
379,draining,yt-haV_TH4pwVQ_29.mp4,14,2.5981240469263867e-05
380,draining,yt-rj0Yk6fDWwg_64.mp4,53,1.596979132045817e-06
381,draining,yt-tI8wfzroO94_109.mp4,54,1.6994832549244165e-05
382,drawing,hsMP4XpgfXA_58.mp4,16,0.0022453360725194216
383,drawing,yt-31AAgOny2Ro_32.mp4,63,0.00015847144823055714
384,drawing,yt-5De_9PZdvOM_316.mp4,75,3.6586716305464506e-05
385,drawing,yt-6aBcsIQ3XxM_34.mp4,59,0.00035392947029322386
386,drawing,yt-9HGaFp-I61U_41.mp4,52,6.994808791205287e-05
387,drawing,yt-KfSIh4WPhpQ_15.mp4,6,0.0012348847230896354
388,drawing,yt-uM0-NeLl-2w_329.mp4,27,0.00018007127800956368
389,dressing,yt-0xlW2rVFC8g_1.mp4,74,0.0001580134266987443
390,dressing,yt-aYs4wojb4AU_13.mp4,40,0.0004335750127211213
391,dressing,yt-yZEFDKOdjRE_313.mp4,51,0.0002674010465852916
392,drilling,giphy-bY9whqOheXIkg_4.mp4,34,1.1028691915271338e-06
393,drilling,yt-9grsKQDAnCI_63.mp4,18,6.8356625888554845e-06
394,drilling,yt-9ka77n5PD3U_170.mp4,60,0.00038816063897684216
395,drilling,yt-LQmAcTRIzZQ_42.mp4,48,6.262554234126583e-05
396,drilling,yt-M-BHM2oC7NQ_423.mp4,50,7.610238390043378e-05
397,drilling,yt-cJ5S5HzvzGg_167.mp4,31,0.00041224321466870606
398,drinking,2E2U43H3pFs_236.mp4,72,0.01526113785803318
399,drinking,yt-Hu-rOhqmq5Y_100.mp4,66,0.026458077132701874
400,drinking,yt-RS4tf6aXiQY_30.mp4,74,0.01724216714501381
401,drinking,yt-TV-4TbpGic0_127.mp4,76,0.007794510573148727
402,drinking,yt-klRIp3p856k_67.mp4,66,0.026897987350821495
403,driving,yt-7ClH977D0Yg_256.mp4,33,0.0005069130565971136
404,driving,yt-C6ATJIclkaU_152.mp4,55,0.001796577824279666
405,driving,yt-DNei2XbzFB4_136.mp4,49,0.003129759104922414
406,driving,yt-lqM4Ly72xhE_177.mp4,73,0.001269373344257474
407,drying,yt-2l9UWxlz8V4_121.mp4,38,0.001061718794517219
408,drying,yt-TgpnayoqP8U_209.mp4,15,0.0005729572148993611
409,drying,yt-VTXQtJC5K7U_90.mp4,56,2.348615998926107e-05
410,drying,yt-ZNFW1MzK1lc_344.mp4,29,0.0011812553275376558
411,drying,yt-am9FoKBaCE0_70.mp4,36,0.0011126731988042593
412,drying,yt-iEXYv8k9FpY_6.mp4,9,0.00032293511321768165
413,dunking,vine-hEhxXlZa3lg_1.mp4,68,0.00020362671057228
414,dunking,yt-3dK0Hu9BMaU_58.mp4,48,0.0009768784511834383
415,dunking,yt-4TuMf-lyGUI_166.mp4,75,0.000979130738414824
416,dunking,yt-8JWEYZljNf4_53.mp4,33,0.00011808313138317317
417,dunking,yt-lwGCs-72jUQ_5.mp4,12,0.0002619847364258021
418,dusting,yt-4jxeXW3Gowc_15.mp4,48,8.854240149958059e-05
419,dusting,yt-5eLBQKKpCOw_257.mp4,15,0.00013027356180828065
420,dusting,yt-K_URZctzGx8_4.mp4,53,0.00013731459330301732
421,dusting,yt-aQW3fDdssXE_29.mp4,52,0.00014386381371878088
422,dusting,yt-llQCyAyaEVg_124.mp4,69,0.00013757219130638987
423,eating,aN3JHSW5fug_319.mp4,38,0.00045774882892146707
424,eating,yt--UbJUHjvDsI_579.mp4,64,0.0002597295679152012
425,eating,yt-SoaOuanzfxM_145.mp4,10,0.00020067484001629055
426,eating,yt-V9hKfvFLDQo_816.mp4,53,8.847979188431054e-06
427,emptying,ASh1URiQpbs_23.mp4,7,0.0012290665181353688
428,emptying,yt-IqXSxPMGKbc_20.mp4,1,0.0004481451178435236
429,emptying,yt-hX4aMib36no_18.mp4,23,0.00032553155324421823
430,emptying,yt-haLOAakEN7E_30.mp4,76,0.00040425662882626057
431,emptying,yt-jofCllkD4os_80.mp4,53,0.0006045768968760967
432,entering,giphy-YFbJla3lKP6es_2.mp4,69,0.00020291369582992047
433,entering,vine-h3UPVe5mq6A_3.mp4,1,0.000419153890106827
434,entering,vine-hrVB2LrDxOa_2.mp4,2,0.0006186558748595417
435,exercising,yt-5B7pzE-r9i8_111.mp4,63,3.758601678782725e-07
436,exercising,yt-AaVVo2s8QlA_33.mp4,42,1.9390972738619894e-05
437,exercising,yt-YoEJKtfcLiQ_58.mp4,33,1.449733190383995e-05
438,exiting,flickr-hookedonlost-3412595612_2.mp4,65,0.00021664852101821452
439,exiting,giphy-U7IaMMFoVwo7u_0.mp4,68,0.000285938149318099
440,exiting,vine-Jams-while-exiting-North-Station-mbta-MhKv9305xFD_2.mp4,76,4.587929288391024e-05
441,exiting,vine-UPS-Driver-Ed-Brooks-demos-exiting-vehicle-safely-with-3-points-of-contact-MD7hu0EZ0br_1.mp4,38,1.8787071894621477e-05
442,exiting,yt-dNhF6Vwu1Sg_5.mp4,73,2.5896964871208183e-05
443,extinguishing,yt-1g-04CIRCKo_335.mp4,20,4.9473546823719516e-05
444,extinguishing,yt-P8qwvn5rFBo_60.mp4,49,4.4114558477303945e-06
445,extinguishing,yt-bmuM_kYjau4_6.mp4,72,0.000398737087380141
446,extinguishing,yt-kWHVCoiC6lc_2.mp4,76,0.0005820067599415779
447,falling,yt-Alh6iIvVN9o_248.mp4,56,0.0004792272811755538
448,falling,yt-jlLE9uofKhU_64.mp4,24,0.00010377704893471673
449,falling,yt-uQWzu5byyPw_14.mp4,56,3.425651811994612e-05
450,falling,yt-zIMbpbtCg4o_11.mp4,15,0.00047420492046512663
451,feeding,giphy-vcz5YoTUfZqZa_1.mp4,5,0.0007276954711414874
452,feeding,yt-o9ElS-RW7gM_9.mp4,56,7.478401676053181e-05
453,feeding,yt-xPLLpFgm6NE_13.mp4,71,1.9196380890207365e-05
454,fighting,yt-4Rl2tWNizuc_51.mp4,3,0.00036507478216663003
455,fighting,yt-cqGVkGF90fY_30.mp4,11,0.00015510637604165822
456,fighting,yt-tnuT-QonRTk_130.mp4,14,0.0003348106984049082
457,fighting,yt-vwuTC2Sguz8_9.mp4,1,0.00043697591172531247
458,filling,yt-0m8z9xrlnEY_325.mp4,68,0.0010719031561166048
459,filling,yt-8yK9omtp2ec_223.mp4,49,0.0014893891056999564
460,filling,yt-Hq5EQHP4Yv0_33.mp4,44,0.0004259939305484295
461,filling,yt-S6K_USinuLw_109.mp4,0,0.0007952965679578483
462,filming,yt-075X8fJPGEg_15.mp4,41,0.002671234542503953
463,filming,yt-0N4oODhDvp4_309.mp4,30,0.001331601059064269
464,filming,yt-0brdw-YC8Ww_113.mp4,75,0.0018970684614032507
465,filming,yt-0tTvnKjhMME_57.mp4,4,0.002117432653903961
466,filming,yt-5bkgOt8PwTQ_115.mp4,37,0.000697517185471952
467,fishing,yt-YIgU8Tzf1fI_52.mp4,0,1.3017249330005143e-05
468,fishing,yt-YkqIup1xWgM_125.mp4,47,0.00018856396491173655
469,fishing,yt-Zyjs1Ymz0Y0_13.mp4,76,6.476836279034615e-05
470,fishing,yt-xQNIxzaJGDw_879.mp4,39,4.514105603448115e-05
471,fishing,yt-xp4X1QnB1GE_1595.mp4,9,0.0007855125004425645
472,fishing,yt-zJVFQWegQ3Y_46.mp4,16,9.658931230660528e-05
473,fishing,yt-zZOp2zd7u4U_44.mp4,52,2.419944212306291e-05
474,flicking,yt-7alEo9wBYq0_1227.mp4,4,0.008597832173109055
475,flicking,yt-KDO9rRhJrHM_1.mp4,64,0.00981754157692194
476,flicking,yt-YK4CGVjhs_E_34.mp4,17,0.010644703172147274
477,flicking,yt-ZSci8slWiys_38.mp4,0,0.009182666428387165
478,flicking,yt-vRDkRy77HRQ_235.mp4,67,0.00882162805646658
479,flipping,yt-YPeMfQuDYOY_403.mp4,48,0.0002238266752101481
480,flipping,yt-ZI8zqWZ1EXQ_41.mp4,54,0.0010829749517142773
481,flipping,yt-ZJBSCaKSlCU_673.mp4,75,0.0038872291333973408
482,flipping,yt-zy20bO9mugQ_4.mp4,54,0.004580516833811998
483,floating,giphy-l41lFDEsZN5UicpS8_1.mp4,5,0.0006233887397684157
484,floating,yt-VhkijfRtMOo_65.mp4,11,0.000603309425059706
485,floating,yt-WF22mY_jOpY_33.mp4,5,0.00041552644688636065
486,floating,yt-Xg6r3QcHjCk_219.mp4,29,0.000497472588904202
487,flying,yt-PI02L4XsUFk_1028.mp4,3,0.0002788832352962345
488,flying,yt-VI3QEezt1dM_18.mp4,75,8.785254613030702e-05
489,flying,yt-YO_1rF6kIAE_106.mp4,0,7.449468830600381e-05
490,folding,yt-YqSfn4NCDdQ_154.mp4,21,4.6318749809870496e-05
491,folding,yt-ZOBEmD9wEBI_251.mp4,15,0.0002702218189369887
492,folding,yt-ZSSjCAFZkGk_90.mp4,60,8.643830369692296e-05
493,folding,yt-yTGspRR-O3g_10.mp4,75,3.607945473049767e-05
494,folding,yt-z0trP4xhTNg_283.mp4,45,2.7372550903237425e-05
495,folding,yt-zBBz-X52Pbg_475.mp4,45,9.374317414767575e-06
496,folding,yt-znBtFR-ggZ8_36.mp4,73,8.367483678739518e-05
497,frowning,yt--LMTFOJZx9c_26.mp4,7,0.00025610727607272565
498,frowning,yt-Rbfos9zCSIw_155.mp4,19,2.9602710128528997e-05
499,frowning,yt-THXLFSDKD1E_443.mp4,72,0.00047872590948827565
500,frowning,yt-UHxySewb7sc_35.mp4,72,0.0007495770696550608
501,frowning,yt-pQ7VVKqdzmM_16.mp4,58,0.00034314143704250455
502,frowning,yt-vtYrx-XLLKE_3.mp4,19,0.000835114682558924
503,frying,yt--YedO_YbOCQ_107.mp4,62,0.0002226791693829
504,frying,yt-YroNJ5i2Rek_549.mp4,31,7.553245086455718e-05
505,frying,yt-ZcNSkwTQ48s_242.mp4,75,2.5809176804614253e-06
506,frying,yt-yTrIfkAb-_8_751.mp4,50,0.0015781099209561944
507,fueling,yt-IfBeJbXf4w4_22.mp4,59,0.00013102292723488063
508,fueling,yt-LLAVbEXa4B4_21.mp4,27,0.00020614346431102604
509,fueling,yt-hflfRGeHeBM_91.mp4,38,2.213861262134742e-05
510,fueling,yt-pI_avPFg2N0_36.mp4,53,0.0004825525393243879
511,fueling,yt-t25lzEUpAUM_3.mp4,0,0.0004473457229323685
512,fueling,yt-wlM3Rd6g0p4_51.mp4,71,0.0002905950241256505
513,gardening,yt-B3mRWf--5-8_112.mp4,23,0.00037068763049319386
514,gardening,yt-EFczzWiyl5s_59.mp4,1,0.00024110513913910836
515,gardening,yt-OCyum7tPMP0_140.mp4,53,0.0005870174500159919
516,gardening,yt-PRWUEpuskRs_95.mp4,59,0.0004619075625669211
517,gardening,yt-VSb-f7DjBZQ_686.mp4,56,0.00012001730647170916
518,gardening,yt-XdM6rTvxPVw_91.mp4,70,0.00126736203674227
519,gardening,yt-pBW8LdeolKg_23.mp4,5,2.5877723146550125e-06
520,gardening,yt-qQmSxWB_LDU_100.mp4,76,0.0003821786667685956
521,gardening,yt-uM88b79X0J0_98.mp4,9,5.033800334786065e-05
522,gardening,yt-vx-VMETm4g0_154.mp4,4,0.0002861584653146565
523,gardening,yt-vyYYENDyVgg_85.mp4,33,0.0006826580502092838
524,gardening,yt-vyv5xLDRkjQ_3.mp4,55,0.0005456157377921045
525,gardening,yt-xxijbIcUeLY_52.mp4,35,0.00017632031813263893
526,giving,yt-PVtF6dyrsSc_119.mp4,2,0.002324651228263974
527,giving,yt-PZiR4z73d6c_5.mp4,37,0.0027609907556325197
528,giving,yt-kCgUDWzW5Zk_32.mp4,43,0.001670095487497747
529,giving,yt-rxWhlANYIKs_46.mp4,48,0.0012462199665606022
530,grilling,yt-0sxQ0ZKkz3c_291.mp4,2,3.525094882661506e-08
531,grilling,yt-PYc0XJdTfso_282.mp4,63,0.0004968347493559122
532,grilling,yt-WEbAQSbOHqw_111.mp4,36,9.025564395415131e-06
533,grilling,yt-WZ1tvXucA8o_269.mp4,51,0.00021451403154060245
534,grilling,yt-YlA-FPDylDE_100.mp4,14,4.144265233207989e-07
535,grilling,yt-bj64y9n9s2k_61.mp4,11,1.9904513465007767e-05
536,grilling,yt-keLIny6sa48_38.mp4,55,0.0005276051815599203
537,grilling,yt-uBt1er-t0xI_131.mp4,32,9.458141721552238e-05
538,gripping,yt-wBTT5PjOha8_16.mp4,7,0.0003669109719339758
539,gripping,yt-x2aLXEHUJ_k_195.mp4,29,8.819884533295408e-05
540,gripping,yt-xPl8GuhTwB4_134.mp4,9,0.0006742920377291739
541,gripping,yt-xXZn_GK0eTM_7.mp4,44,0.001546293729916215
542,grooming,giphy-iw0UClyyDsttS_0.mp4,43,0.0001515973563073203
543,grooming,yt-CXAOMZvB6jI_11.mp4,6,0.00023332357523031533
544,grooming,yt-gdmrqV1WyM0_220.mp4,49,0.00027417298406362534
545,guarding,yt-QpvtJCZLJfs_57.mp4,49,6.08069772312092e-09
546,guarding,yt-UKrWbJEs7pw_74.mp4,63,1.8028564227279276e-05
547,guarding,yt-pw-5GYg8WGo_166.mp4,23,1.4599282621929888e-05
548,guarding,yt-uJItr23jsxw_199.mp4,13,2.6793417418957688e-05
549,guarding,yt-wSdNAN9uCvQ_524.mp4,77,4.2146098166995216e-08
550,hammering,yt-43b3vJ7HweM_166.mp4,71,0.0070052845403552055
551,hammering,yt-AH7NIgPkXFw_62.mp4,15,0.0025333368685096502
552,hammering,yt-WpLgDX6Yw_s_20.mp4,40,0.004875476472079754
553,hammering,yt-XCUy5coN2JA_14.mp4,68,0.004943384323269129
554,hammering,yt-yV5RucjRCME_12.mp4,19,0.007679136469960213
555,handcuffing,yt-GLI1XWIihBE_5.mp4,3,0.00022040519979782403
556,handcuffing,yt-MJB0iq5tDaw_129.mp4,39,6.522685725940391e-05
557,handcuffing,yt-U2cU2_SCP70_211.mp4,39,2.5907251256285235e-05
558,handwriting,yt--zzirwGzgfg_44.mp4,0,8.189714208128862e-06
559,handwriting,yt-YDGpP2CKjqU_9.mp4,26,0.00034904389758594334
560,handwriting,yt-YN82aR-0guA_117.mp4,29,4.147067045323638e-07
561,handwriting,yt-YzwuM5iA4NE_4.mp4,76,0.0005324963130988181
562,handwriting,yt-ZRyF_8sP9PA_82.mp4,58,0.000502541137393564
563,handwriting,yt-nNwLaX84Ze0_333.mp4,1,2.4645156372571364e-05
564,handwriting,yt-qHpZZLIbegk_571.mp4,62,0.0011462618131190538
565,handwriting,yt-yg-v3V1cBW4_75.mp4,48,0.0006904106121510267
566,handwriting,yt-ysnYUjkmzz8_193.mp4,68,8.022041583899409e-05
567,hanging,giphy-5acwTuGmtqcRW_7.mp4,42,8.002590220712591e-06
568,hanging,yt-Be8kf-C_Jng_86.mp4,74,6.101727922214195e-05
569,hanging,yt-YCmNwQAO8HQ_587.mp4,18,1.321182026003953e-05
570,hiking,bing-video_nationalgeographic_com_video_get-out-adventure-guide_160819-adventure-navigating-backcountry-tips-hilaree-oneill-_50.mp4,73,0.0006748726591467857
571,hiking,yt-Z4-IhgfV8Rg_143.mp4,13,0.00022118374181445688
572,hiking,yt-ZmeMlT6TQPI_461.mp4,35,0.0009423218434676528
573,hiking,yt-dhgHDbdfTiY_135.mp4,59,0.002373926341533661
574,hiking,yt-z9whE1W4e0E_16.mp4,9,0.0002281141933053732
575,hiking,yt-zLE63VyxbV0_35.mp4,1,0.0006248891586437821
576,hitchhiking,yt-Spx1Wqe32Q4_219.mp4,10,0.0005499543040059507
577,hitchhiking,yt-VA4lmoEzQS0_51.mp4,68,0.002600256819278002
578,hitchhiking,yt-XycvqBOKUVM_39.mp4,17,0.0006852300139144063
579,hitchhiking,yt-Y3HVHgiTHrU_31.mp4,47,0.003313852706924081
580,hitchhiking,yt-wR-1EJIFKzY_47.mp4,71,0.0024208573158830404
581,hitchhiking,yt-zSkewEn9nqE_1369.mp4,19,0.002109338529407978
582,hitting,yt--Tb9H7nAy4g_559.mp4,23,0.0007023545331321657
583,hitting,yt-WG1IImV0inA_29.mp4,77,0.0002246096992166713
584,hitting,yt-r6Dv2C3MtjA_89.mp4,70,9.568435052642599e-05
585,hitting,yt-sjoyC0EZFrM_14.mp4,52,8.151982183335349e-05
586,hitting,yt-wwY2fxlYZDg_36.mp4,3,0.0014143458101898432
587,howling,yt--QYuBzHj7NM_24.mp4,5,0.0001555613853270188
588,howling,yt-Siluo04PgBk_49.mp4,59,0.00014707793889101595
589,howling,yt-WtdyoJ_vxGk_12.mp4,6,2.2023003111826256e-05
590,hugging,A45sjUX7mp0_13.mp4,67,0.002418885473161936
591,hugging,_Vv6RViA39A_7.mp4,0,0.0022754420060664415
592,hugging,bing-vimeo_com_115091095_3.mp4,14,0.0022464049980044365
593,hugging,giphy-2uHSbqel5P0CQ_1.mp4,15,0.003165542846545577
594,hugging,xTcmIkW2-m0_1955.mp4,50,0.0014246096834540367
595,hugging,yt--3FMGZD3BV4_105.mp4,13,0.0030681074131280184
596,hugging,yt--CAV2yEp720_151.mp4,17,0.0019270445918664336
597,hugging,yt-3zs0oKPiXt0_166.mp4,42,0.0018893772503361106
598,hugging,yt-CBkPNRqryFs_26.mp4,7,0.0029282616451382637
599,hunting,yt-XGFoDUeKhhc_285.mp4,15,4.924928362015635e-05
600,hunting,yt-t-YWQUGqVRs_187.mp4,66,0.0005075021181255579
601,hunting,yt-vfJfMssJKAk_139.mp4,0,0.00023723517369944602
602,hunting,yt-wxuVE3FxfCw_249.mp4,60,0.0006657662452198565
603,inflating,yt-YF-sdoXpmFU_24.mp4,70,6.945661152713001e-05
604,inflating,yt-ZGVM9mWe_w4_609.mp4,62,9.764953574631363e-07
605,inflating,yt-xE-ohfUhiDk_39.mp4,28,0.00020710330863948911
606,inflating,yt-xSehIPhoVJ0_27.mp4,1,0.0003046919882763177
607,inflating,yt-xgkAvh-2qcM_57.mp4,5,0.00025370571529492736
608,inflating,yt-ywyM0u5cKjk_6.mp4,25,0.0006227092235349119
609,inflating,yt-zQcMSSRVG7I_56.mp4,63,0.0006342377746477723
610,injecting,yt-RuLLKcTGkOw_56.mp4,71,3.913895398000022e-06
611,injecting,yt-Wd5YPyOr8qk_129.mp4,16,4.291835011827061e-06
612,injecting,yt-YWRB1z_ykz0_351.mp4,70,0.000271727709332481
613,injecting,yt-ZdiHj8vBDSc_131.mp4,74,6.44771644147113e-05
614,injecting,yt-nM40YC_JMGU_262.mp4,57,1.9089926354354247e-05
615,interviewing,yt-XrpVceyWO-U_13.mp4,52,0.00014301296323537827
616,interviewing,yt-YC2sOicEsRY_321.mp4,25,9.423782103112899e-06
617,interviewing,yt-zvh8l0kZRjk_324.mp4,36,3.2488005672348663e-06
618,jogging,yt--BGRUc4x8qo_2.mp4,74,2.1428397303679958e-05
619,jogging,yt--yAXNOsEo80_76.mp4,41,0.00024553583352826536
620,jogging,yt-0JuFYIEEdfY_6.mp4,12,1.6022106137825176e-05
621,jogging,yt-0Pzo6cU4N0k_40.mp4,35,5.161032822798006e-05
622,jogging,yt-cN0DqxL3bgM_52.mp4,58,8.947021706262603e-05
623,jogging,yt-mKCXk3Gu-eg_74.mp4,59,0.0004622519772965461
624,juggling,yt-ZE2UouuGzFI_2.mp4,4,0.00014412225573323667
625,juggling,yt-zAIPL5O9Uwk_36.mp4,33,5.147178399056429e-06
626,juggling,yt-zZxxuFb0fdk_352.mp4,10,4.083682142663747e-05
627,juggling,yt-zwdR4YAUdPo_3.mp4,51,5.326562677510083e-05
628,jumping,Avw-8IS7Xbw_70.mp4,12,0.0030321471858769655
629,jumping,b3TCugtX0h0_108.mp4,44,0.00046943334746174514
630,jumping,bing-vimeo_com_99156873_2.mp4,44,0.003413608530536294
631,kicking,yt-YqzLNL3TrYQ_49.mp4,76,4.300683212932199e-05
632,kicking,yt-ZODr5ldqjCs_8.mp4,30,0.0006596623570658267
633,kicking,yt-zIiPMv4FpGg_176.mp4,75,1.8149705283576623e-05
634,kissing,yt-P3n3xmRBdQ0_236.mp4,15,0.00042987256892956793
635,kissing,yt-SUixnfaRhVA_14.mp4,31,0.001701238681562245
636,kissing,yt-TVauD4XhLsA_9.mp4,46,0.004185806028544903
637,kissing,yt-VvxkDAVvkMg_26.mp4,39,0.0012048424687236547
638,kissing,yt-Z0o5zeUkCjc_181.mp4,71,0.0027420909609645605
639,kissing,yt-Z0o5zeUkCjc_68.mp4,73,0.00012807187158614397
640,kneeling,yt-TNVdpnrtn5A_121.mp4,73,9.5313363999594e-05
641,kneeling,yt-W2wbQoNnzP4_176.mp4,19,0.00010889731493080035
642,kneeling,yt-WvlPuuTxT70_13.mp4,4,6.559027951880125e-06
643,kneeling,yt-ZB58yTeiqas_1.mp4,39,4.712785994342994e-06
644,kneeling,yt-rrv9Aoepg6g_4.mp4,50,2.732908342295559e-06
645,kneeling,yt-yWxCezsyOoI_30.mp4,9,1.231452279171208e-05
646,kneeling,yt-zthg2Jh-Xdg_48.mp4,7,0.0003734664642252028
647,knocking,yt-dLfcNbZnDR8_55.mp4,0,0.0001192332711070776
648,knocking,yt-jojbl_mRZ9g_148.mp4,74,0.000390668777981773
649,knocking,yt-x-zapAEGqK4_50.mp4,76,8.563626033719629e-05
650,laughing,yt-ZXKXsstuiaA_105.mp4,66,0.0005111016798764467
651,laughing,yt-ZYpGqHLTh6k_245.mp4,30,0.0001493008021498099
652,laughing,yt-ZfacKhW5Ik4_25.mp4,4,6.95905982865952e-05
653,laughing,yt-ziIfvb7AmcY_46.mp4,75,0.00014941977860871702
654,lecturing,yt-Z8ace3NbXAA_1240.mp4,10,0.0008250393439084291
655,lecturing,yt-Zjx45fKYfio_201.mp4,22,0.0006624868256039917
656,lecturing,yt-z1OEHouU-zc_609.mp4,58,1.0139612527382269e-07
657,lecturing,yt-zJzAfJQze9A_53.mp4,1,1.910116225189995e-06
658,licking,giphy-ZZTZcJdRqmuXK_1.mp4,20,0.004198973532766104
659,licking,yt-4By4ydMVFhA_41.mp4,53,0.0037487014196813107
660,licking,yt-JO3V0DRRCEk_53.mp4,65,0.0013217487139627337
661,licking,yt-jTYQ-yVXi4M_13.mp4,1,0.003152865916490555
662,lifting,yt-XxQ7fZEw3p8_9.mp4,38,1.0066573850053828e-05
663,lifting,yt-ZSCQsTvZrUo_9.mp4,40,2.8292020033404697e-06
664,lifting,yt-Zn0YwrsCFOQ_44.mp4,5,4.984251791029237e-05
665,loading,yt-RsPgVAwZQsU_34.mp4,0,2.4338705770787783e-05
666,loading,yt-SC45Yyf38bw_3.mp4,72,7.200199888757197e-06
667,loading,yt-Yx-E2ztGJgE_58.mp4,42,8.120597954075492e-07
668,loading,yt-x_2VuhswlF4_81.mp4,0,8.269465979537927e-06
669,locking,yt-KHktk3rRJS4_11.mp4,20,0.0010270049097016454
670,locking,yt-Kygd1TKpjh4_59.mp4,73,0.0038339723832905293
671,locking,yt-OABQ9MJBrlc_32.mp4,73,0.0028824566397815943
672,locking,yt-USpxVOGeIms_1.mp4,61,0.0038410702254623175
673,locking,yt-Z-1nqB4J9d4_46.mp4,10,0.005277164280414581
674,locking,yt-lYxM29pJs04_194.mp4,77,0.005349714774638414
675,locking,yt-uMvx0GtfEOk_192.mp4,77,0.003642990021035075
676,marching,9CE6t-60paU_211.mp4,36,0.0008964658482000232
677,marching,yt-HZ2dVKbAUIs_52.mp4,24,0.0001663728035055101
678,marching,yt-heI8DKkWSkw_321.mp4,23,1.992439865716733e-05
679,marching,yt-hqLzjWK6-oI_609.mp4,26,2.3559961846331134e-05
680,marrying,yt-V8T84HB88sw_1109.mp4,76,0.00022926993551664054
681,marrying,yt-ZU-GhXqlNpA_12.mp4,28,0.0005770768038928509
682,marrying,yt-fiqrKanVMGw_148.mp4,38,0.0002363756502745673
683,massaging,bing-vimeo_com_127529626_44.mp4,62,0.000253054138738662
684,massaging,yt-PAgDoLmSWro_10.mp4,76,3.0042099297133973e-07
685,massaging,yt-PWd5scD9V0w_53.mp4,48,6.238701644178946e-07
686,massaging,yt-QmAmGWVI4vc_295.mp4,32,2.4448877411487047e-07
687,massaging,yt-qZIecABmBrM_368.mp4,0,1.3570077328495245e-07
688,massaging,yt-q_N7VFuUzdk_134.mp4,63,5.2423029046622105e-06
689,measuring,yt-VRXLzTmdGdw_33.mp4,64,5.082965230940317e-07
690,measuring,yt-WgNLo3YK6HE_154.mp4,3,7.847024789953139e-06
691,measuring,yt-XXJWgC2n71w_160.mp4,4,0.00024778343504294753
692,measuring,yt-ZBbgiBU96mM_353.mp4,71,7.244814241857966e-07
693,measuring,yt-vD2FDUOFfao_216.mp4,55,5.374216925702058e-06
694,measuring,yt-vOV7_zjUIbo_122.mp4,23,0.00037396844709292054
695,measuring,yt-wBOeW6fgYd8_24.mp4,47,5.916376267123269e-06
696,measuring,yt-wh2ZJdGLqLE_133.mp4,23,0.0001260683056898415
697,measuring,yt-xDW5KQIhn7U_388.mp4,68,7.672490028198808e-05
698,measuring,yt-zOC1t9W1jOo_39.mp4,47,1.2489243999880273e-05
699,mopping,vine-hxaE5hAbOti_3.mp4,14,0.00010571596067165956
700,mopping,yt-GLkal49h2hs_63.mp4,46,6.087404017307563e-06
701,mopping,yt-PBxrzqKevsA_11.mp4,66,0.00036923191510140896
702,mopping,yt-_11Rgw44g-Y_207.mp4,68,0.0006636444013565779
703,mopping,yt-oqC_K3_uR2Y_22.mp4,71,6.432450845750282e-06
704,officiating,yt-TY44Os8nZGM_24.mp4,64,0.001333078253082931
705,officiating,yt-WCUtEtCtVns_73.mp4,76,0.0011725518852472305
706,officiating,yt-XgyyERxrF3g_853.mp4,3,0.0009647056576795876
707,officiating,yt-w8Tlfdy0-sI_522.mp4,6,0.0001079331777873449
708,opening,giphy-Z0vwMJLx0L4dy_4.mp4,35,0.00046150718117132783
709,opening,giphy-fvB5VRSCElfzO_1.mp4,0,8.050398719205987e-06
710,opening,yt-MZEERAUavmk_153.mp4,30,7.506828114856035e-05
711,opening,yt_R-vvjTPq9xE88_145.mp4,77,0.00014949869364500046
712,operating,yt-51MLPZ096NE_217.mp4,60,7.429249308188446e-06
713,operating,yt-8Fi8P6nsAnI_11.mp4,28,5.652583786286414e-05
714,operating,yt-FUZ4lAkQbmw_46.mp4,72,4.10257198382169e-05
715,operating,yt-GMHMLDlkKcE_366.mp4,62,0.0005286407540552318
716,operating,yt-HlgZCAPqaiY_220.mp4,42,0.0002585850888863206
717,operating,yt-WBGypFADqXY_132.mp4,29,2.1568001102423295e-05
718,packaging,yt-VeusaXNi70k_74.mp4,2,0.00031797640258446336
719,packaging,yt-WMs0Gssw7GM_66.mp4,1,0.0005554937524721026
720,packaging,yt-WSaU5_Lbmas_284.mp4,7,0.00031180091900750995
721,packaging,yt-xuzFcnSO9ao_75.mp4,72,0.0010396905709058046
722,packaging,yt-z9n9ZkV21Jk_204.mp4,70,0.000575670856051147
723,packing,yt-Y5AW49Hd6cU_335.mp4,2,0.00011100693518528715
724,packing,yt-YDeki9IuSKc_216.mp4,4,0.0003514924319460988
725,packing,yt-ZY4HPAE2AfM_257.mp4,70,0.0002178865106543526
726,packing,yt-yne_rp0pAqw_273.mp4,28,0.00022541613725479692
727,packing,yt-zePoWGUZsoU_9.mp4,49,0.00019619049271568656
728,painting,yt-Y-oihea24WQ_710.mp4,62,0.00013621884863823652
729,painting,yt-YOF6BX0cMqA_207.mp4,41,0.0005836933269165456
730,painting,yt-YXzF6VFA7Xo_90.mp4,32,1.3270212548377458e-05
731,painting,yt-ZJcfKHZOnCA_1555.mp4,25,0.0001393672573613003
732,painting,yt-ZTocv21TWXg_262.mp4,37,0.0004768729268107563
733,painting,yt-ZsKPw8TltKs_322.mp4,20,4.074618118465878e-05
734,painting,yt-yjEzt46R6zE_101.mp4,67,0.0001648742036195472
735,painting,yt-zJWa7BZ5ZBU_611.mp4,32,3.492870746413246e-05
736,painting,yt-zuGDLxAQPMo_12.mp4,45,5.1241248002042994e-05
737,painting,yt-zy569ruo8N0_1749.mp4,1,7.290551002370194e-05
738,parading,yt-YuojNWYnm8M_18.mp4,5,5.540990059671458e-06
739,parading,yt-xQF0VlGCdQI_36.mp4,58,5.2581358431780245e-06
740,parading,yt-yd1kvJ3q4fE_158.mp4,25,1.6224777937168255e-05
741,parading,yt-zJYiSVda6CE_159.mp4,41,2.1314270270522684e-05
742,parading,yt-zKh7lNDsoaI_211.mp4,74,2.0291960026952438e-05
743,parading,yt-zeCCU5m0ByU_34.mp4,54,1.6885724107851274e-06
744,paying,vine-Paying-with-all-coins-cause-the-struggle-is-real-in-these-streets-Lol-hrbbPe3xiL5_1.mp4,70,0.0009156697196885943
745,paying,vine-Paying-with-cents-w-kim0berlyx-MZlw6mbvgnK_1.mp4,5,0.0011462622787803411
746,paying,vine-paying-with-them-50s-hgIqD6vnFYW_3.mp4,11,0.0012914473190903664
747,paying,yt-4NjyKFnwHBo_13.mp4,49,0.00025239080423489213
748,paying,yt-Qs_sbBxYHCE_187.mp4,62,0.0006755490903742611
749,paying,yt-vjed5qyKqZw_1.mp4,29,0.0007236658129841089
750,pedaling,yt-unSEkexXLXs_85.mp4,8,0.00021152690169401467
751,pedaling,yt-x5yzGgLpCo0_123.mp4,9,0.003514273092150688
752,pedaling,yt-xbUxt2x4InE_41.mp4,74,0.0006502714240923524
753,peeling,e8YZSOFqmy4_658.mp4,72,0.0003811281349044293
754,peeling,giphy-Z4WsAtuahbWeY_0.mp4,74,0.0001631476916372776
755,peeling,yt-1IHrz9oPgKc_49.mp4,26,6.713829498039559e-05
756,peeling,yt-84KqNHVE8E8_50.mp4,26,0.0002443203120492399
757,peeling,yt-_p8yd7EV8Cc_53.mp4,16,1.5161486999204499e-06
758,peeling,yt-ly97UpMjLKc_85.mp4,70,0.00026066196733154356
759,performing,ZbX6WSfeDWI_75.mp4,74,0.0008989408961497247
760,performing,yt-XXsvb23PCuY_626.mp4,7,0.0014180041616782546
761,performing,yt-ZpPfos_jMCI_47.mp4,70,0.00013134708569850773
762,photographing,yt-Qx_p8hmFqgA_106.mp4,14,0.0005325301317498088
763,photographing,yt-RJJpxYsUV_Q_297.mp4,7,0.00046669013681821525
764,photographing,yt-UcgRrOXTj1o_204.mp4,20,0.000434967310866341
765,photographing,yt-VA5GOz8Zpsg_66.mp4,55,0.002048223279416561
766,photographing,yt-XRQ_LSGGr3Y_712.mp4,28,0.0005758086335845292
767,photographing,yt-Zk9PpDks7os_495.mp4,24,0.0014469026355072856
768,photographing,yt-r563Yl7PwPo_30.mp4,22,0.0007238007965497673
769,photographing,yt-ui1XuDn_Sl4_361.mp4,69,0.00010376496356911957
770,photographing,yt-v7guLWatQuk_1107.mp4,18,0.000452560605481267
771,photographing,yt-vSFJZxO8Ru8_8.mp4,31,0.0014533490175381303
772,picking,yt-Vdl_hjZtnbw_24.mp4,76,0.0003978109161835164
773,picking,yt-WyH4gSA0Fqg_8.mp4,2,0.0001717035484034568
774,picking,yt-X1MhV5Axtdw_10.mp4,37,0.0005374893662519753
775,picking,yt-XH95UhI3Wao_103.mp4,9,0.000715276226401329
776,picking,yt-XwgmYsyqPaQ_296.mp4,69,0.0006263492978177965
777,picking,yt-YI7czl_SH4Q_117.mp4,49,0.0012213896261528134
778,picking,yt-ZQcjfBHpI8k_47.mp4,49,0.00012680896907113492
779,picking,yt-veGhRaoOUEg_10.mp4,22,0.0005446051945909858
780,picking,yt-wPOx1ye0_Kw_13.mp4,16,0.0008154155220836401
781,picking,yt-wz2ks9-awdw_76.mp4,4,0.00024631270207464695
782,piloting,yt-UlIbSV9vC_s_50.mp4,17,2.593053238797438e-07
783,piloting,yt-uyYJR5DJEB8_117.mp4,74,9.41451446578867e-07
784,piloting,yt-x3QqAttN7XM_92.mp4,32,1.050170705951814e-08
785,planting,yt-Y04CEfY6m-g_47.mp4,38,5.253478320810245e-06
786,planting,yt-YNtr3Oquyfk_91.mp4,69,2.8656656922976254e-06
787,planting,yt-Yx3ILqFKtSo_832.mp4,12,1.044501277647214e-05
788,planting,yt-ZpwNG-I-Xy4_50.mp4,6,2.6287366381438915e-06
789,planting,yt-yUm99lR9U9w_17.mp4,39,1.9812614482361823e-06
790,planting,yt-zHuW37WfL2s_339.mp4,30,8.374401545552246e-07
791,planting,yt-zyO_c6kIXCk_103.mp4,43,7.501677856680544e-08
792,playing+fun,awM3-MGp8U4_216.mp4,20,0.005154324695467949
793,playing+fun,yt-Vmf7efOPHgU_151.mp4,27,0.004108666907995939
794,playing+fun,yt-fCEO70nksnw_17.mp4,41,0.003922997508198023
795,playing+fun,yt-kFS36Yd6zYs_111.mp4,61,0.004593880847096443
796,playing+music,yt-VXRv6qM2ehE_25.mp4,36,0.0005993724334985018
797,playing+music,yt-Z-Lxl86Q7E4_15.mp4,37,0.0011448862496763468
798,playing+music,yt-Z41ekoH3gZM_942.mp4,20,1.535054798296187e-05
799,playing+music,yt-ZWeg9uoGo_115.mp4,55,3.8939848309382796e-05
800,playing+music,yt-wlN6KcDj-bc_123.mp4,62,4.3787127651739866e-05
801,playing+sports,yt-YJHUBtnQI6g_1232.mp4,0,2.5047002054634504e-05
802,playing+sports,yt-YjNXu2vHzDs_243.mp4,59,4.7501365770585835e-05
803,playing+sports,yt-yJExtJLdmdg_1185.mp4,43,5.376025364967063e-05
804,playing+sports,yt-ymJrPBEuuYQ_34.mp4,72,5.458756641019136e-05
805,plugging,giphy-UKsu4hgjBVtN6_1.mp4,41,0.004716942086815834
806,plugging,yt-3Bd0GlPWeS4_50.mp4,38,0.0012681178050115705
807,plugging,yt-8ZYH0CobnFA_97.mp4,42,0.004240462090820074
808,plugging,yt-BlgwV5unTO4_318.mp4,41,0.0029170303605496883
809,plunging,yt-WaKsfF7bdR4_4.mp4,23,0.0006885927286930382
810,plunging,yt-vVuJ-r-jO1c_33.mp4,70,4.2126270273001865e-05
811,plunging,yt-xzPpoVG7OKw_908.mp4,68,8.949331095209345e-05
812,pointing,yt-wDrYx7CcSeg_543.mp4,66,0.0014888880541548133
813,pointing,yt-wov1DA-Jtjc_39.mp4,4,0.0025126347318291664
814,pointing,yt-wqo9FLNevkI_38.mp4,2,0.002598065184429288
815,pointing,yt-x2HrYnc1qSg_92.mp4,3,0.00031439043232239783
816,pointing,yt-zcdYN6BSWsY_47.mp4,53,0.0011227126233279705
817,pointing,yt-zwVJ95yCrdQ_2394.mp4,39,0.0014407638227567077
818,poking,yt-Ly_G47oPiws_725.mp4,37,1.1375179383321665e-05
819,poking,yt-QD5Re7agPGg_46.mp4,49,1.1452039871073794e-05
820,poking,yt-sByR_vg06lg_10.mp4,27,1.3246726666693576e-05
821,pouring,giphy-3o6wrty0S7uczfTmbC_0.mp4,55,0.0058211274445056915
822,pouring,giphy-kex6egHKkgww0_1.mp4,6,0.0013811386888846755
823,pouring,yt-YgFwFoqglKc_111.mp4,48,0.002125658793374896
824,pouring,yt-fGX-1msJvJk_8.mp4,64,0.00554260378703475
825,pouring,yt-law7rXWGS64_22.mp4,49,0.005590617656707764
826,praying,yt-FaOFT4S9v8k_30.mp4,12,0.27079322934150696
827,praying,yt-LmLB2c4MdpM_914.mp4,43,0.15320540964603424
828,praying,yt-YxnQV6O-8d0_140.mp4,43,0.1705286055803299
829,praying,yt-YyFM-pWdqrY_311.mp4,41,0.17932456731796265
830,praying,yt-Z8X7dLUdtdc_189.mp4,0,0.00010674516670405865
831,praying,yt-y69RmyHO8Pg_1499.mp4,6,0.14297163486480713
832,preaching,yt-Z4ELjwcUwXU_72.mp4,66,0.015435546636581421
833,preaching,yt-ZsT7gUUmh8U_287.mp4,57,0.022208519279956818
834,preaching,yt-ZwmBzcbQjpw_383.mp4,39,0.017547715455293655
835,preaching,yt-z3NVDh5S6-8_827.mp4,49,0.0068480693735182285
836,preaching,yt-zBiEpo1tQx4_951.mp4,64,0.02411198988556862
837,pressing,yt-YWRA-ZQpTZA_31.mp4,18,4.870666452916339e-05
838,pressing,yt-ZZhsEQVFvaI_123.mp4,24,0.0018600187031552196
839,pressing,yt-ZoN8F_bdCkw_8.mp4,64,3.136794111924246e-05
840,pressing,yt-wVDC2ftGKh8_1.mp4,39,7.239960723381955e-06
841,pressing,yt-zgi15gr5bis_554.mp4,14,2.994512726672838e-08
842,protesting,yt-Vu4jVSGDkpc_43.mp4,10,0.002030022908002138
843,protesting,yt-ZEfCnzTJ_QU_812.mp4,25,0.0013411372201517224
844,protesting,yt-ZXVPtUjCPmA_123.mp4,26,0.0006970493705011904
845,protesting,yt-xPEeq38TZag_28.mp4,75,0.0016167864669114351
846,protesting,yt-ymFkh4jUVpw_883.mp4,65,0.0025605622213333845
847,pulling,yt-W-uw4n_vGvU_273.mp4,67,0.00037192710442468524
848,pulling,yt-WkvjFOFMtuk_5.mp4,74,0.006633081939071417
849,pulling,yt-sqtKcjXaCEI_3.mp4,0,0.008532464504241943
850,punching,yt-Rdx4XofKACw_7.mp4,28,0.0003048426879104227
851,punching,yt-VwTG0EHJBlc_13.mp4,6,3.018827919731848e-05
852,punching,yt-ZQ3UN79bpWM_39.mp4,72,4.8660651373211294e-05
853,punting,yt-Z7nCvGXGSVs_97.mp4,61,0.0001381782494718209
854,punting,yt-xdEKBWoygw0_13.mp4,15,8.249698112194892e-06
855,punting,yt-yAIUjS_H9j4_103.mp4,50,5.800034705316648e-05
856,punting,yt-zfFKakathho_77.mp4,76,0.000369954650523141
857,pushing,yt-ZSNYYBxZC0o_147.mp4,53,9.152580605586991e-05
858,pushing,yt-ZTqYdpV0VAY_88.mp4,73,1.5880961655057035e-05
859,pushing,yt-zkfN-Q2HgB0_2.mp4,72,6.583592767128721e-05
860,racing,yt-YHtvoRiUfjI_9.mp4,72,5.3324158216128126e-05
861,racing,yt-x8UYO8w9XA0_64.mp4,7,0.00038629857590422034
862,racing,yt-yDLRRz98TPw_791.mp4,67,2.3433416572515853e-05
863,rafting,yt-ZVNIOHCi0uk_101.mp4,65,1.2389764378895052e-06
864,rafting,yt-Zo-jXYr3gww_18.mp4,56,2.7018613764084876e-06
865,rafting,yt-Zpl-t4rnRso_110.mp4,48,0.00015630248526576906
866,rafting,yt-zKMdCbwqjgI_6.mp4,37,0.0001532431779196486
867,rafting,yt-zihH4KBlQMk_1065.mp4,9,0.00035623370786197484
868,rafting,yt-zihH4KBlQMk_16.mp4,40,2.2774498575017788e-05
869,raising,yt-OqGJiF2uNFY_11.mp4,73,0.002025847788900137
870,raising,yt-Y2lsJBUhq1o_3.mp4,30,0.00023844122188165784
871,raising,yt-oPndW1FVza4_7.mp4,8,0.0010083517991006374
872,raising,yt-pjZBGPK4bbM_28.mp4,0,0.0010161714162677526
873,reading,yt-C-NWbAcekFU_191.mp4,47,0.0005253131384961307
874,reading,yt-VIGbNncKy5Y_848.mp4,54,1.7961890989681706e-05
875,reading,yt-Vh3lApyAhSM_24.mp4,74,0.0006155956070870161
876,reading,yt-f5HMC_2k6Cg_457.mp4,5,0.0001792966213542968
877,reading,yt-sjWnQQ6bKBg_41.mp4,41,0.0008259628666564822
878,repairing,yt-RfaPiaHyweA_698.mp4,24,5.779394996352494e-06
879,repairing,yt-ULcee1zE1JI_216.mp4,30,0.00022741378052160144
880,repairing,yt-U_RLpde35Vc_51.mp4,57,0.00010527371341595426
881,repairing,yt-shrbWeVeqPM_301.mp4,53,4.324588371673599e-05
882,riding,yt-U2TlfRec-N8_13.mp4,7,0.00035535552888177335
883,riding,yt-gqspGu5F4uU_38.mp4,8,2.1327397917048074e-05
884,riding,yt-rUWAQ_pzFYA_40.mp4,50,0.0003259367076680064
885,riding,yt-tnpnkx11saA_37.mp4,9,0.0005098775727674365
886,riding,yt-zJb6tXvaQDY_14.mp4,55,0.00010585979907773435
887,rinsing,yt-Yg-n6JgI4VU_133.mp4,0,0.0012124221539124846
888,rinsing,yt-aD-EAuBdpUo_163.mp4,0,0.00015025264292489737
889,rinsing,yt-jYlHn8OAe8o_14.mp4,68,0.003265068866312504
890,rinsing,yt-oZ64cvQ53us_110.mp4,18,0.0006958921439945698
891,rising,yt-PD7OWHNAUqY_266.mp4,58,0.0008495710208080709
892,rising,yt-ZfDtalvUK5k_36.mp4,4,0.0004348567745182663
893,rising,yt-kvcO6TslVZY_124.mp4,57,0.0004056259640492499
894,rocking,yt-2tY9aGGBItU_57.mp4,62,0.005501828622072935
895,rocking,yt-GRHl9tyqk0c_30.mp4,48,0.004841553512960672
896,rocking,yt-_m3Gny2P1Fs_3.mp4,61,0.004212339408695698
897,rocking,yt-lmMAgdHd_GM_40.mp4,44,0.0021315792109817266
898,rolling,vine-Rolling-down-a-hill-simple-things-in-life-M0IDX6l5ViL_1.mp4,56,0.0001344157790299505
899,rolling,vine-Rolling-down-the-hill-M66lw69PdAO_1.mp4,67,0.00029921383247710764
900,rolling,vine-Rolling-down-the-hill-h6itr3OMOl3_3.mp4,76,7.148791337385774e-05
901,rolling,vine-Rolling-hWnZ3BKzuIp_1.mp4,7,0.00014415293117053807
902,rolling,yt-dtvG9XDtjv4_41.mp4,47,0.000766376091632992
903,rowing,yt---bUCG7Dke4_16.mp4,36,4.7379777242895216e-05
904,rowing,yt--EbfiAS-lPA_127.mp4,23,5.4792645975965115e-09
905,rowing,yt--IlJYlZfV4I_23.mp4,67,7.006527198427648e-07
906,rowing,yt--SCKf6vTwJg_10.mp4,76,1.1235847523494158e-05
907,rowing,yt--eQi3e_OFYQ_1476.mp4,3,3.3114033612946514e-06
908,rowing,yt--wNqb95MOig_2.mp4,27,1.6745450466260081e-06
909,rowing,yt-00enE-089L4_124.mp4,2,4.7727794481033925e-06
910,rowing,yt-0G3FuvgSI_s_94.mp4,36,3.371834964127629e-06
911,rowing,yt-0dB6kvbbnu8_132.mp4,7,5.021914603275945e-06
912,rowing,yt-_5Oe4l7XFaA_13.mp4,3,1.9221286038373364e-06
913,rowing,yt-_5Oe4l7XFaA_75.mp4,4,6.304786893451819e-06
914,rowing,yt-_U42orbfIDE_39.mp4,71,0.000333496747771278
915,rowing,yt-_dnM0uXK6uE_63.mp4,35,9.166063682641834e-05
916,rubbing,yt--Dx6uMC8k1M_491.mp4,51,0.0009630995918996632
917,rubbing,yt-01m4O8fTgKw_16.mp4,5,0.0002040866675088182
918,rubbing,yt-0_biwqbrly4_348.mp4,31,5.819114903715672e-06
919,rubbing,yt-1gD-BBknfH4_15.mp4,48,0.001457606558687985
920,rubbing,yt-1ndwkoTThBc_11.mp4,74,0.0005077834939584136
921,rubbing,yt-_8XtWh-2fGA_175.mp4,62,0.0001358380395686254
922,running,yt-X4_oFO1zp2A_93.mp4,6,0.009728671982884407
923,running,yt-y14Nhu4sBJA_780.mp4,74,0.0003854503738693893
924,running,yt-y1KuYV_cZY4_32.mp4,51,0.010954492725431919
925,running,yt-yYNd200AZVQ_39.mp4,55,0.012971135787665844
926,running,yt-zPGSH8vGMT0_335.mp4,66,0.009309735149145126
927,sailing,yt--JKeVL6YZFE_12.mp4,67,0.0006933707045391202
928,sailing,yt--JKeVL6YZFE_56.mp4,77,0.0007605621940456331
929,sailing,yt--m0tVOPrHXc_26.mp4,71,0.0004907891270704567
930,sailing,yt-07P8G8Oh9XY_320.mp4,66,0.00013828345981892198
931,sailing,yt-26obL-Z5obg_108.mp4,8,1.0278145964548457e-05
932,sailing,yt-26obL-Z5obg_131.mp4,76,0.00022123752569314092
933,sailing,yt-B0D0pge3hTU_116.mp4,32,0.00021446488972287625
934,sailing,yt-P6Pt5Y3GeTg_4.mp4,54,1.4503555576084182e-05
935,sailing,yt-c1n5cafivzQ_722.mp4,39,0.00052830291679129
936,saluting,yt-0gfnmDGk0KM_68.mp4,44,0.0001055859902407974
937,saluting,yt-3u0McB2-NGM_22.mp4,19,0.00027644101646728814
938,saluting,yt-6z3-PAIKRYc_6.mp4,65,0.00041504146065562963
939,saluting,yt-9F5CoFDRdPw_23.mp4,7,6.287076394073665e-05
940,sanding,vine-NWFAtraining-in-action-PrinciplesWoodFlooring-sanding-Mr5ZBUZI6Kp_3.mp4,53,7.315265520446701e-06
941,sanding,vine-Sanding-MiUw5TWqVrz_2.mp4,39,0.0014855738263577223
942,sanding,yt-2ApesWQEvIg_103.mp4,28,0.00038384905201382935
943,sanding,yt-2ApesWQEvIg_140.mp4,41,0.0009485819027759135
944,sanding,yt-_5JZiAF6oLo_26.mp4,41,4.564636037684977e-05
945,sanding,yt-_7YFh4xL9Ec_81.mp4,75,2.834744464053074e-06
946,sanding,yt-_CWhUBOFuPg_47.mp4,41,0.0002856984792742878
947,sanding,yt-_EjwVQF19mc_178.mp4,19,0.0007005016086623073
948,sanding,yt-_EjwVQF19mc_82.mp4,56,0.0009046464110724628
949,sawing,vine-Part-two-of-the-tree-sawing-German-wedding-tradition-MwrrZ3FATFg_2.mp4,27,0.00045958536793477833
950,sawing,yt--HK-IJ2uFBE_3.mp4,27,5.528114797925809e-06
951,sawing,yt--JlpI0GNrts_436.mp4,47,0.00013468282122630626
952,sawing,yt--SiS99IYP0M_66.mp4,19,1.885587153083179e-05
953,sawing,yt-7HJkCCwxSz8_1.mp4,51,0.0008724143262952566
954,sawing,yt-7HJkCCwxSz8_12.mp4,46,0.0005482092965394258
955,sawing,yt-7mh6f-Mn4Rw_105.mp4,52,0.00016552516899537295
956,sawing,yt-7mh6f-Mn4Rw_95.mp4,19,0.000495710875838995
957,scratching,yt-0eSwWUnfbv0_354.mp4,32,0.0005120969726704061
958,scratching,yt-_hTq3zLKPyo_852.mp4,59,0.00086549500701949
959,scratching,yt-blmDw6gdlrY_554.mp4,6,0.0026434867177158594
960,scratching,yt-f_Dcbyx1MpU_388.mp4,65,0.0014509342145174742
961,screwing,yt--S_1tLFzsFs_119.mp4,74,0.0032786130905151367
962,screwing,yt--S_1tLFzsFs_132.mp4,65,0.004481359384953976
963,screwing,yt-2pRKCSgdXXU_30.mp4,13,0.0033802329562604427
964,screwing,yt-52vx2Gvimhw_946.mp4,50,0.001083660521544516
965,screwing,yt-C7biQCR7KgE_113.mp4,76,0.0022029324900358915
966,scrubbing,yt-0mLal3UU7x4_220.mp4,63,0.0001655691012274474
967,scrubbing,yt-2oFyA9sLr9E_1015.mp4,53,2.8997728804824874e-05
968,scrubbing,yt-4mLp-iYtmCI_74.mp4,73,2.6270985472365282e-05
969,scrubbing,yt-5vvnBcGy1Go_156.mp4,51,9.206128015648574e-05
970,serving,yt-0FUWPY7IULs_30.mp4,54,0.0010480725904926658
971,serving,yt-5ws2gxbcjs4_381.mp4,40,0.0009864764288067818
972,serving,yt-jBq-mHSIPsc_15.mp4,47,0.0007278798148036003
973,sewing,yt--jzScB82vKI_66.mp4,44,0.003983916714787483
974,sewing,yt--jzScB82vKI_90.mp4,34,2.0150039290456334e-06
975,sewing,yt-1MZrvZBtM9c_48.mp4,54,0.0023452616296708584
976,sewing,yt-2pCJtwaJzM8_214.mp4,31,0.004775830544531345
977,sewing,yt-4YTTecwMosY_61.mp4,25,1.740995685395319e-05
978,shaking,vine-Just-shaking-one-up-wanker-protein-gym-h0ZD3T9gWLJ_3.mp4,73,0.0017808940028771758
979,shaking,vine-Weird-milky-child-shaking-slimgiltsoul-h6Z7umQVA66_1.mp4,62,0.0005285218358039856
980,shaking,yt-8uswJTc2c7o_79.mp4,74,0.0005556409596465528
981,shaking,yt-_GwTMySiQRM_161.mp4,67,0.0016931741265580058
982,shaking,yt-_RpPgjPpvvU_7.mp4,1,0.0002595570113044232
983,shaking,yt-_a6FXNoEpA8_1.mp4,40,0.0016907487297430634
984,shaking,yt-u2t3Mprf7UY_4.mp4,8,0.0008999741403385997
985,shaving,yt-3lNrg-vuQkw_834.mp4,21,5.245658758212812e-05
986,shaving,yt-_Fa88ofyp6w_234.mp4,12,1.157898509518418e-06
987,shaving,yt-_ID6vUxYPbI_249.mp4,70,0.0006143134087324142
988,shaving,yt-_dWqJxVdn2s_242.mp4,6,0.00047803588677197695
989,shaving,yt-_fhmsLQ-xCs_610.mp4,65,0.00061657844344154
990,shooting,yt-1VADFpAfDLY_1015.mp4,8,0.0002770440187305212
991,shooting,yt-IspQdG-cNcM_321.mp4,16,4.4327516661724076e-05
992,shooting,yt-JbC5mEc6ipE_2.mp4,0,0.0009729280136525631
993,shooting,yt-bGaC0a5KV7U_65.mp4,18,0.00033742323284968734
994,shooting,yt-bl-Fj3mPt9g_239.mp4,39,0.00017307365487795323
995,shooting,yt-hGubVn-nv3A_1309.mp4,40,9.327699081040919e-05
996,shooting,yt-oD8ZNjdkG5A_24.mp4,42,6.166342245705891e-06
997,shopping,yt-1qWcKhZoNC4_81.mp4,48,0.00014163639571052045
998,shopping,yt-2TrvFpLaQvc_404.mp4,35,2.9404356610029936e-05
999,shopping,yt-2fyvxFvDonQ_194.mp4,33,0.0004618177190423012
1000,shopping,yt-a_awONsLFfE_107.mp4,10,5.811666414956562e-05
1001,shopping,yt-dSvsYrYFdlQ_127.mp4,52,0.00030824716668576
1002,shouting,yt--TGj227OVKY_177.mp4,41,0.0036364332772791386
1003,shouting,yt-_piOmYadXfM_444.mp4,56,0.0015998742310330272
1004,shouting,yt-cArCEH3bjxs_6.mp4,13,0.001985967857763171
1005,shoveling,yt--1IlTIWPNs4_83.mp4,54,0.00013651556218974292
1006,shoveling,yt--4On1Sedm04_1.mp4,3,0.0008421445381827652
1007,shoveling,yt-CEuklRA142E_99.mp4,11,2.800245965772774e-05
1008,shoveling,yt-_v106cIbueE_24.mp4,12,0.0028013524133712053
1009,shredding,vine-My-Saturday-Shredding-junkmail-exciting-awesome-chores-hXWgEb7jEKW_1.mp4,6,0.0004698139673564583
1010,shredding,vine-Paper-shredding-with-my-bro-chillin-Mq2eemVa53D_1.mp4,72,5.108777259010822e-06
1011,shredding,vine-Shredding-all-my-old-receipts-Clearout-SpringClean-SpringCleaning-MV1dLxZzunZ_1.mp4,30,0.0012395507656037807
1012,shredding,vine-Shredding-fan-mail-M0aInbqiMLF_2.mp4,37,0.0005947196041233838
1013,shredding,vine-Shredding-old-awkward-high-school-art-Its-symbolic-No-its-not-I-just-hate-looking-at-it-hQQpqg3IXTL_3.mp4,68,0.0006079517770558596
1014,shrugging,yt-5SYScSZULOM_38.mp4,66,0.0036580280866473913
1015,shrugging,yt-6ptWPAhgdeg_7.mp4,72,0.0022290083579719067
1016,shrugging,yt-_xA84W_GeCY_4.mp4,16,0.003742008237168193
1017,shrugging,yt-cguinkQMeyI_151.mp4,10,0.003091225167736411
1018,signing,yt-0uK1YiHNFtU_357.mp4,2,3.2863059459486976e-05
1019,signing,yt-41BQAoue9Fc_174.mp4,21,0.0005316540482454002
1020,signing,yt-5FJeX8Um9pw_49.mp4,12,0.00016528315609320998
1021,signing,yt-A1puL8afKVw_94.mp4,62,0.00013297681289259344
1022,signing,yt-_MAqBxPFbvY_18.mp4,13,4.5713914005318657e-05
1023,signing,yt-_Zo8Z_JCZp0_61.mp4,66,0.0001754942786647007
1024,signing,yt-_ksx4WWPTps_60.mp4,61,1.7788161130738445e-05
1025,signing,yt-fPyCcoaRMS8_7.mp4,24,0.00014464820560533553
1026,singing,yt-0ZQawy9bzX8_35.mp4,8,0.00018584208737593144
1027,singing,yt-0rvJOREmAv4_60.mp4,65,0.0023023083340376616
1028,singing,yt-2_hP2ZAkgx8_33.mp4,49,0.0005298728938214481
1029,singing,yt-3rRPbBGsR50_123.mp4,69,4.2354356992291287e-05
1030,singing,yt-5tdzrDI2ChE_300.mp4,58,0.0025148785207420588
1031,singing,yt-5xIQsJVNRz4_1227.mp4,61,0.00024124779156409204
1032,singing,yt-67WZN4JlInw_80.mp4,33,1.7914377167471685e-05
1033,singing,yt-6nDQhnTk1hc_35.mp4,76,0.00015568228263873607
1034,singing,yt-86dagxYWKmY_110.mp4,12,0.00031742139253765345
1035,singing,yt-F9phGTqLL2o_197.mp4,60,0.0010154151823371649
1036,singing,yt-GwZQVogIIRo_15.mp4,6,0.00018714350881054997
1037,singing,yt-H3QheeJV_Zw_185.mp4,56,0.0015227914554998279
1038,singing,yt-IgCphQCkHSk_85.mp4,1,0.0017671954119578004
1039,singing,yt-Lr1Kxdj9Hr8_90.mp4,43,0.0008059631800279021
1040,singing,yt-Mo3pqXC9CsU_630.mp4,57,0.003025751793757081
1041,singing,yt-SBenttZUT7A_217.mp4,72,0.00014655796985607594
1042,singing,yt-WsptdUFthWI_133.mp4,48,0.000919677666388452
1043,singing,yt-bNtssJ6KT1E_224.mp4,3,0.0014637792482972145
1044,singing,yt-k_Sqjn0YZTw_758.mp4,8,0.000977272866293788
1045,sitting,yt-BvNeY8BS7FY_179.mp4,9,0.0007273682858794928
1046,sitting,yt-Wuay7LtcgDA_101.mp4,4,0.002587359631434083
1047,sitting,yt-c_G4Vr3vMRY_967.mp4,0,0.0031886305660009384
1048,sitting,yt-gSQ1bfu-XVY_217.mp4,47,0.0009555608266964555
1049,skating,yt-_O-g5s7ix0c_155.mp4,22,0.00010400124301668257
1050,skating,yt-_R9Rm3Wt4pM_95.mp4,28,6.09959133726079e-05
1051,skating,yt-_ibHiO3ZmJA_91.mp4,37,2.1105990526848473e-05
1052,skating,yt-_l4P744tdXc_54.mp4,3,0.0005804197280667722
1053,skating,yt-_q4rWF2wB3M_85.mp4,22,6.585792289115489e-05
1054,skating,yt-_qYdq-EFHi0_14.mp4,56,1.6864668168636854e-06
1055,skating,yt-_rdCSaNw-mQ_39.mp4,37,5.488410170073621e-05
1056,sketching,yt--EIyUK2q1do_237.mp4,7,9.189970296574757e-05
1057,sketching,yt-1pxAxKrVNZY_570.mp4,46,0.00034579753992147744
1058,sketching,yt-_1ynelil_po_80.mp4,41,8.601467698099441e-07
1059,sketching,yt-_Jo7WD_BPxU_142.mp4,44,0.0003955709980800748
1060,skiing,yt-_-yYAA8vGSY_174.mp4,2,7.3029070335906e-05
1061,skiing,yt-_0stet63Qc0_194.mp4,52,1.3042345017311163e-06
1062,skiing,yt-_1mec6ewDwE_79.mp4,68,4.109883229830302e-05
1063,skiing,yt-_3l3WdE36TI_157.mp4,0,5.477069862536155e-05
1064,skiing,yt-_5UrZgLsbyE_165.mp4,6,1.640654227230698e-05
1065,skiing,yt-_JUVko4Ml9E_10.mp4,72,9.75532821030356e-05
1066,skiing,yt-_MXKN964Qrk_73.mp4,21,2.0580118871293962e-05
1067,skiing,yt-_mMT4Nt_c-A_69.mp4,66,2.649752104844083e-06
1068,skiing,yt-_rwgi99bJNk_1.mp4,64,1.3252352800918743e-05
1069,skipping,vine-Washing-Line-Skipping-Jump-Rope-MJWJ5ZmXijP_1.mp4,10,0.006497478578239679
1070,skipping,vine-Watching-a-skipping-team-during-the-Jump-Rope-for-Heart-assembly-MrmYZDi6Tq1_3.mp4,21,0.00475427508354187
1071,skipping,vine-we-were-making-a-vine-and-this-guy-just-came-out-of-nowhere-skipping-M1udHqguJXb_1.mp4,44,0.007787469774484634
1072,skipping,yt--xlld2mn65s_28.mp4,71,0.0038203217554837465
1073,skipping,yt--xnZhSsSuao_63.mp4,71,0.0011135789100080729
1074,skipping,yt--zGlZfE8v_c_189.mp4,62,0.0036247530952095985
1075,skipping,yt-0fvPzkArgFI_444.mp4,71,0.007151953876018524
1076,slapping,yt--3sOHrUMBO0_71.mp4,62,0.03040727786719799
1077,slapping,yt--CURbBs_uYU_242.mp4,48,0.025054020807147026
1078,slapping,yt--c9Ucp8Qvlk_47.mp4,23,0.029367972165346146
1079,slapping,yt-_drWwTZgj6o_603.mp4,47,0.034097518771886826
1080,sleeping,yt-0Qxr-dNvToY_11.mp4,59,0.012052066624164581
1081,sleeping,yt-0iiNAGzOnF0_5.mp4,55,0.023260092362761497
1082,sleeping,yt-2sFyjfsyyHU_180.mp4,13,0.02316524274647236
1083,sleeping,yt-Bmf7IUHa18E_24.mp4,31,0.02390902303159237
1084,sleeping,yt-PWXigjFm4TM_43.mp4,23,0.021893387660384178
1085,sleeping,yt-b_R_wTtnsoM_15.mp4,12,0.025827260687947273
1086,slicing,vine-Slicing-the-gouda-delicious-cheese-h0FYlYeHnUY_1.mp4,9,0.0006556569132953882
1087,slicing,vine-slicing-and-dicing-makeitwork-MwlKYUmtqvQ_1.mp4,72,0.002902479376643896
1088,slicing,yt--b45cHxP0Dc_205.mp4,26,1.5085235645528883e-05
1089,slicing,yt-_h5eWq5Hcn4_30.mp4,37,0.0002687687810976058
1090,sliding,vine-Sliding-MFaMMhvUade_3.mp4,69,0.0033087609335780144
1091,sliding,vine-Sliding-OG-hrVaaw3rZD0_3.mp4,21,0.0022983630187809467
1092,sliding,vine-Slippin-sliding-rain-fun-crosscountry-h6HVhP7hVD9_3.mp4,9,1.0680263585527427e-05
1093,sliding,vine-sliding-MtZlt02FHLh_1.mp4,32,0.0002785777614917606
1094,sliding,yt-JZFxJTBuPYc_46.mp4,76,0.0012539852177724242
1095,sliding,yt-Jirjt-8rJDI_2.mp4,50,0.0018033618107438087
1096,sliding,yt-_DVEfSBmzLU_25.mp4,74,0.0014757218305021524
1097,sliding,yt-_naivSI0hsE_109.mp4,42,0.0003729067975655198
1098,sliding,yt-jS9wCpGRbZU_135.mp4,19,0.0036029815673828125
1099,slipping,vine-Gallon-smashing-MOEwgY6wdJb_1.mp4,68,0.005283572245389223
1100,slipping,vine-TyreeJackson-slipping-and-sliding-Mu9vVXVj6WQ_1.mp4,0,0.004877463914453983
1101,slipping,yt-0J02lp13k_k_189.mp4,34,0.004594073630869389
1102,smashing,yt-DqqBq6Shqs8_73.mp4,53,0.0020086653530597687
1103,smashing,yt-hD7OrV1n-1Q_40.mp4,62,0.0009625774691812694
1104,smashing,yt-jb7vZwhMbhE_208.mp4,26,0.0014605119358748198
1105,smelling,vine-Smelling-dead-roses-teamjamaica-YaadVybzEnt-YaadVineENT-PassRheFuckOut-MpDTTZdb0lB_2.mp4,67,0.001276719500310719
1106,smelling,vine-Smelling-flowers-like-a-retard-kaatvanhoof-MtmUrhjhVv2_1.mp4,74,0.0002857114013750106
1107,smelling,vine-Smelling-something-to-good-u-just-be-like-Mh053p2TlnP_3.mp4,72,0.00024921298609115183
1108,smelling,vine-smelling-candles-candles-relatable-Target-MQ6AzV1VIjl_1.mp4,27,0.00021812989143654704
1109,smelling,yt-17w_ijijroM_27.mp4,77,3.8470461731776595e-05
1110,smelling,yt-bM3oKWz6Te4_352.mp4,68,0.00042513967491686344
1111,smiling,yt-0mUul9MOKAU_15.mp4,36,1.4034336345503107e-05
1112,smiling,yt-1ATdegRUmwQ_3.mp4,33,0.00011049914610339329
1113,smiling,yt-2bExFnlqSxA_13.mp4,15,0.00015546705981250852
1114,smiling,yt-3ru775_CLzs_33.mp4,51,2.6062405595439486e-05
1115,smiling,yt-6S3mTUY7fPA_82.mp4,56,4.375478238216601e-05
1116,smiling,yt-mA3MOhwaeWU_46.mp4,13,7.903914229245856e-05
1117,smoking,yt-DSgt9jDLi_8_14.mp4,38,0.0004983084509149194
1118,smoking,yt-_PKABSq-98I_106.mp4,39,1.7098149328376167e-05
1119,smoking,yt-rYwZVB91o_M_5.mp4,2,3.053781369999342e-07
1120,smoking,yt-w-3fhp_m_P8_78.mp4,13,5.1826817070832476e-05
1121,snapping,yt--HZgX7HmcHg_31.mp4,34,0.00022452659322880208
1122,snapping,yt--ZaNyzHkCGo_32.mp4,67,5.716842133551836e-05
1123,snapping,yt-3gv7KYaVDCs_5.mp4,1,1.7501784896012396e-05
1124,snapping,yt-_0hSK7t_Sv4_5.mp4,52,0.0003871209919452667
1125,snapping,yt-_2siYuJc2zw_10.mp4,64,0.00013603174011223018
1126,snapping,yt-_C-_hAuU6mo_16.mp4,17,0.00010831327381310984
1127,sneezing,yt-svRIlzv2Z4E_3.mp4,46,0.0047923545353114605
1128,sneezing,yt-ueSHU8SlV2c_10.mp4,16,0.005638849921524525
1129,sneezing,yt-vaZaWfIBOTY_9.mp4,40,0.006950903683900833
1130,sneezing,yt-vhy9Wt_PoFA_4.mp4,64,0.004804701078683138
1131,sniffing,yt--uELHT3cz5Y_214.mp4,13,0.0004284110327716917
1132,sniffing,yt-1wIzRkTO71I_14.mp4,14,0.00019034628348890692
1133,sniffing,yt-Nrk8JPIm7Ig_1138.mp4,70,9.694726759335026e-05
1134,sniffing,yt-kV6q4jLXgo0_462.mp4,50,0.0002721683995332569
1135,snuggling,yt--7GCUxtMjbg_75.mp4,22,0.00010386437497800216
1136,snuggling,yt--Y8Wgw9fdA4_32.mp4,26,8.385125511267688e-06
1137,snuggling,yt-588IXm7_0Bk_91.mp4,1,0.00018866108439397067
1138,snuggling,yt-au40P5PP4to_90.mp4,0,4.000058470410295e-05
1139,sowing,vine-Sowing-Seeds-backyardgarden-urbanfarmer-farmerchic-MJi1Om1I32I_3.mp4,37,0.00048810767475515604
1140,sowing,vine-Still-sowing-Sunny-30-C-No-air-condition-barley-hardspring-farmlife-dust-MDiIMmvFZVm_2.mp4,68,0.00046668798313476145
1141,sowing,yt---GaAzxiUPA_36.mp4,31,0.0002579193387646228
1142,sowing,yt--BOtdaMzxE8_188.mp4,11,0.0002294789592269808
1143,sowing,yt-_AvBeVblzpI_367.mp4,74,8.853086910676211e-05
1144,sowing,yt-_KqL97pb-n0_791.mp4,42,0.0005347823025658727
1145,speaking,DNZGE5kB1S4_238.mp4,75,2.7832384148496203e-05
1146,speaking,bing-www_dailymotion_com_video_x2xpdde_54.mp4,74,5.235288881522138e-06
1147,speaking,dwlDMtN2LCA_309.mp4,73,1.3455475709633902e-05
1148,speaking,fEWmWswbe1s_1352.mp4,21,4.693371920438949e-06
1149,speaking,yt--7pma_mtUHM_8.mp4,75,2.417251016595401e-05
1150,speaking,yt-01Xsz_IpiqM_5.mp4,39,2.0162458895356394e-05
1151,speaking,yt-05nCcYxFG1Q_203.mp4,58,9.324867278337479e-05
1152,speaking,yt-0OkOQhXhsIE_56.mp4,57,1.0849722457351163e-05
1153,speaking,yt-0bcEqesnOQo_373.mp4,33,7.813844604243059e-06
1154,speaking,yt-0bpMnGNP-aI_156.mp4,6,1.6946471077972092e-05
1155,speaking,yt-0jPFA2JOj-A_32.mp4,45,7.034622103674337e-05
1156,speaking,yt-3RjRZ9jMfs0_25.mp4,44,3.909530278178863e-06
1157,speaking,yt-43N7Sj5F0hQ_723.mp4,46,2.2712523787049577e-05
1158,speaking,yt-4jxJVUmiYrA_113.mp4,75,9.754989150678739e-05
1159,speaking,yt-6iFPs6JlSzY_82.mp4,55,9.293163202528376e-06
1160,speaking,yt-6rgDLWOFCRA_536.mp4,63,3.195270255673677e-05
1161,speaking,yt-6wBBK4LRf7U_55.mp4,30,4.07334191550035e-05
1162,speaking,yt-8QIxXGmW-nI_44.mp4,8,1.6786793821665924e-06
1163,speaking,yt-8QIxXGmW-nI_72.mp4,50,7.545058451796649e-06
1164,speaking,yt-8o0euhM6bjg_1327.mp4,36,1.9735913156182505e-05
1165,speaking,yt-9FGH--ICHJI_45.mp4,37,3.6737012578669237e-06
1166,speaking,yt-AzaFrCbZlTY_92.mp4,54,4.3771440687123686e-05
1167,speaking,yt-AzlCIS072_Y_997.mp4,74,1.5228592928906437e-05
1168,speaking,yt-CyElHdaqkjo_103.mp4,55,4.4367585360305384e-05
1169,speaking,yt-InNTeyZk6ro_351.mp4,23,4.839695247937925e-05
1170,speaking,yt-JG0yqhzVuYA_74.mp4,31,7.169848686316982e-05
1171,speaking,yt-QSQif6QBeO4_15.mp4,14,1.0519064744585194e-05
1172,speaking,yt-_S35NDMuoJ4_1522.mp4,74,8.34295351523906e-05
1173,speaking,yt-_ae8c8XDYuo_214.mp4,68,2.4478043997078203e-05
1174,speaking,yt-_tV6bNV1ZQ0_47.mp4,15,3.5826458770316094e-05
1175,speaking,yt-aFk9L3nhS0Q_98.mp4,24,1.472475105401827e-05
1176,speaking,yt-bVb1utdCNy0_766.mp4,44,3.366623059264384e-05
1177,speaking,yt-d6pd2VmrHRo_195.mp4,37,2.506576947780559e-06
1178,speaking,yt-ePDVZbDYdvY_55.mp4,3,3.600994205044117e-06
1179,speaking,yt-ez179mM5sbI_220.mp4,51,0.00017257785657420754
1180,speaking,yt-jU9ieEeiXPI_75.mp4,15,1.214292296936037e-05
1181,speaking,yt-ki_DFB8-bA0_294.mp4,61,2.6540260478213895e-06
1182,speaking,yt-m2UszPwHvXE_94.mp4,49,0.0001341274328297004
1183,spilling,yt-5-706U7XJg4_138.mp4,76,0.0007340503507293761
1184,spilling,yt-70hO-17q3qQ_111.mp4,29,0.00018214419833384454
1185,spilling,yt-7PGA9AXtIJo_153.mp4,65,0.0006637821206822991
1186,spilling,yt-V3dhg5ylCnQ_280.mp4,70,0.0007892661378718913
1187,spinning,yt--AdnJQKGY3w_43.mp4,67,0.0007071665022522211
1188,spinning,yt-0EFJvKTaOnM_11.mp4,62,0.0007430494297295809
1189,spinning,yt-0H3C5dXsXvQ_1686.mp4,32,0.00020186285837553442
1190,spinning,yt-1rIlu-TxLng_431.mp4,63,1.4784326367589529e-06
1191,spinning,yt-_Noxsr9fA9A_62.mp4,16,0.0012844987213611603
1192,spitting,yt--hefxhDh48U_404.mp4,43,0.00042439758544787765
1193,spitting,yt-1z8gO8-Wpfk_117.mp4,20,0.0007627072627656162
1194,spitting,yt-NUwHYNYjqRQ_259.mp4,1,0.0006698312936350703
1195,splashing,vine-Puddle-splashing-Mbgvz5uLl6u_3.mp4,0,0.0014206033665686846
1196,splashing,vine-Splashing-h0ezDMVmPpH_1.mp4,33,0.000997183728031814
1197,splashing,yt-3y6WtJGFwWY_103.mp4,53,0.0019817352294921875
1198,splashing,yt-NyVlr38Ned0_2.mp4,4,0.0001745790068525821
1199,splashing,yt-V7qqFYAfVvc_4.mp4,43,0.0003346419834997505
1200,spraying,yt--0BX0_8TQ78_83.mp4,75,0.02075338549911976
1201,spraying,yt--Gus25PYHRQ_234.mp4,47,0.019926371052861214
1202,spraying,yt--iTi38I4mYo_21.mp4,62,0.01131940633058548
1203,spraying,yt--neF_S58VGo_133.mp4,36,0.0010989768197759986
1204,spraying,yt--neF_S58VGo_25.mp4,47,0.013912997208535671
1205,spraying,yt-0PuKsTKNdJU_89.mp4,51,0.01262583676725626
1206,spraying,yt-1AiYhFvz4e0_48.mp4,76,0.018771862611174583
1207,spraying,yt-_7nDdkmON6w_256.mp4,51,0.011249257251620293
1208,spraying,yt-_GVcumXXw6E_237.mp4,41,0.021242938935756683
1209,spraying,yt-_Y39LBRnOgA_104.mp4,68,0.020769836381077766
1210,spraying,yt-_jFAUWZwEUk_67.mp4,48,0.024890586733818054
1211,spraying,yt-_sqkzfKtQA4_5.mp4,11,0.015538111329078674
1212,spreading,yt-1Cvw3lO6Odc_2.mp4,14,0.0009024330065585673
1213,spreading,yt-4OeVFNdGgX4_125.mp4,7,4.770855957758613e-05
1214,spreading,yt-5m6PKIEv1XM_20.mp4,2,2.3786538804415613e-05
1215,spreading,yt-7-uNCyJ1ffs_20.mp4,55,6.312911864370108e-05
1216,spreading,yt-_er0oMjIvFs_84.mp4,53,9.402797877555713e-05
1217,sprinkling,yt--_aDGibxcdo_294.mp4,4,0.0003586505481507629
1218,sprinkling,yt-1OV_CFQPAno_31.mp4,64,0.0010908072581514716
1219,sprinkling,yt-1OV_CFQPAno_51.mp4,73,0.00019675363728310913
1220,sprinkling,yt-_m6r1V0GMBo_51.mp4,18,0.0006696822238154709
1221,sprinting,yt-3RjvVJmJ2rw_65.mp4,17,1.9323279047966935e-05
1222,sprinting,yt-3SottZmsxG4_27.mp4,76,1.0327501058782218e-06
1223,sprinting,yt-5OdSMJnoZxk_77.mp4,45,3.594657391658984e-05
1224,sprinting,yt-6XYSqfInJFU_4.mp4,3,8.396345037908759e-06
1225,sprinting,yt-BT-p9CYbZ4k_187.mp4,11,4.969518158759456e-06
1226,sprinting,yt-eWGU-PmgVaM_100.mp4,28,3.2177453249460086e-05
1227,sprinting,yt-rXM7PCdERE0_46.mp4,45,3.074691994697787e-05
1228,squatting,yt--OVPE4pVoO8_12.mp4,72,0.0003908227081410587
1229,squatting,yt--os3-kMh2YY_53.mp4,34,0.001974894432350993
1230,squatting,yt-_5GjsbMCOm0_73.mp4,11,0.00363046582788229
1231,squatting,yt-_80-mbIAKqY_46.mp4,36,0.0033855915535241365
1232,squatting,yt-_MgbN_mf0B8_72.mp4,46,3.653487510746345e-05
1233,squatting,yt-_jC_vzA23nY_37.mp4,31,0.0006669491995126009
1234,squatting,yt-_m4TDbpIQPI_23.mp4,48,6.702622340526432e-05
1235,squinting,yt--rLU5Fo_Ryc_134.mp4,71,3.861699588014744e-05
1236,squinting,yt-1KPzQsMnlBE_127.mp4,71,0.0002039545215666294
1237,squinting,yt-1bv57aq_VQo_12.mp4,17,7.384284344880143e-06
1238,squinting,yt-_X6Pvg8KQs8_25.mp4,39,1.6085854440461844e-05
1239,squinting,yt-_mkz4jTlvJ4_15.mp4,72,9.357982344226912e-05
1240,stacking,vine-Real-life-box-stacking-MuU7xqUrtuV_3.mp4,29,0.0008430627058260143
1241,stacking,vine-Sleep-stacking-hxl55dtWHwP_3.mp4,4,0.0008810292929410934
1242,stacking,vine-Stacking-and-unstacked-MQIxmjZh9D7_1.mp4,50,0.00019603031978476793
1243,stacking,vine-Stacking-my-paper-at-work-b-hIDUWx60Opp_3.mp4,41,0.0011524301953613758
1244,stacking,yt-_8HyTyTbS5A_1.mp4,13,7.108180852810619e-06
1245,standing,yt--d7L_XuerWI_139.mp4,56,0.0007250878261402249
1246,standing,yt--kF_MeV83L4_190.mp4,27,0.0015762278344482183
1247,standing,yt-_06_GZ5f7lc_2104.mp4,58,0.00045030194451101124
1248,standing,yt-_TWbD3MKfMI_294.mp4,22,0.0012673807796090841
1249,standing,yt-_XPCb9FdgNs_109.mp4,72,0.0005435324856080115
1250,stealing,yt-3JI8pwZ81JQ_161.mp4,53,0.002229496603831649
1251,stealing,yt-wdB8-xjQO0A_113.mp4,49,0.002929241396486759
1252,stealing,yt-y9eZVzPNWow_15.mp4,67,0.001760599436238408
1253,steering,vine-Mum-steering-Mndu9rqXTnA_1.mp4,57,0.00145509815774858
1254,steering,vine-My-steering-wheel-is-a-sexual-predator-carjokes-MFLInqluOQM_1.mp4,72,0.0019557203631848097
1255,steering,vine-Short-People-Be-Hugging-The-Steering-Wheel-When-They-Drive-MAz0WmhV5OY_2.mp4,1,0.0022654023487120867
1256,steering,vine-Steering-Wheel-Drummer-hXPL6grt90d_1.mp4,22,0.002755363704636693
1257,steering,yt--DC71NM9Wtw_227.mp4,63,0.0004635902005247772
1258,steering,yt-0F_A5U116Sk_389.mp4,1,0.001565961865708232
1259,steering,yt-0XqeA4KZFQA_50.mp4,0,0.0004566728021018207
1260,steering,yt-_DnvKx1uuVs_1787.mp4,75,0.0017771340208128095
1261,steering,yt-_VIkUe2AI5M_34.mp4,37,0.0003617682377807796
1262,steering,yt-_cK2elZtgD4_74.mp4,67,0.0036305913235992193
1263,steering,yt-_cjPR15sWCY_101.mp4,75,0.0010232297936454415
1264,steering,yt-_jwpiXUgrqQ_98.mp4,52,0.0029303680639714003
1265,stirring,vine-Behold-my-pro-stirring-skills-M2dHTU29Vbx_2.mp4,67,0.0026597133837640285
1266,stirring,vine-Stirring-coffee-coffee-MdJB9Yjatxa_2.mp4,31,0.0022898290771991014
1267,stirring,vine-Stirring-my-bacon-venison-and-beef-brisket-chili-for-the-MiriamsKitchen-cookoff-hpxi55Vp5jZ_2.mp4,56,0.004491326864808798
1268,stirring,vine-baking-some-cupcakes-MuF60zg92Zh_1.mp4,76,0.001546488725580275
1269,stirring,vine-dads-stirring-in-the-christmas-ham-for-maddys-dog-food-hEYI02IjlWA_1.mp4,47,0.0013887770473957062
1270,stirring,vine-ianisted-stirring-Coffee-hLLBbU1B0ib_1.mp4,45,0.00024356049834750593
1271,stirring,yt-_2Zj9Sbuml0_92.mp4,73,0.004287892486900091
1272,stirring,yt-_mtyKXigOms_265.mp4,71,4.576588253257796e-06
1273,stirring,yt-_osYq8b4low_435.mp4,70,3.927038051187992e-05
1274,stitching,vine-LIVE-LLBean-Boat-and-Tote-stitching-at-AmericanField-Boston-h66EjVgrYtU_2.mp4,55,0.019017767161130905
1275,stitching,vine-Stitching-hHqTuZ6mOaA_1.mp4,5,0.018843526020646095
1276,stitching,vine-Turtle-Island-Moccasins-operating-his-custom-Pfaff-adjusted-to-treadle-stitching-h6HiLFOeIZO_2.mp4,52,0.01843537949025631
1277,stitching,vine-We-made-me-a-shirt-crafting-Kirstin-M2gmXEj6pVq_2.mp4,24,0.023579854518175125
1278,stitching,vine-season-1-episode-2-top-stitching-with-han-gen-MZHxObhaTA9_2.mp4,14,0.008528736419975758
1279,stitching,vine-season-1-episode-4-back-stitching-MZH2YTabJdT_2.mp4,11,0.0032540836837142706
1280,stitching,yt-_1Y2p4bSwyA_144.mp4,0,0.0006153188878670335
1281,stitching,yt-_3NTh-D3m64_336.mp4,38,0.0016840101452544332
1282,stitching,yt-_EH8an2hKUI_838.mp4,1,0.0005319574265740812
1283,stitching,yt-_h6NR8rjdd8_1152.mp4,27,4.059867933392525e-05
1284,stitching,yt-_h6NR8rjdd8_733.mp4,65,0.0001516123884357512
1285,stomping,yt--ebg_Ko3aLc_118.mp4,1,8.736681775189936e-05
1286,stomping,yt--ebg_Ko3aLc_53.mp4,52,4.073942909599282e-05
1287,stomping,yt--ebg_Ko3aLc_96.mp4,7,0.00013145436241757125
1288,stomping,yt--j-TImmipno_4.mp4,15,0.0005754991434514523
1289,stomping,yt--ramPKuUO4s_62.mp4,29,0.0001391665864503011
1290,stomping,yt-_N88gyTt56Y_19.mp4,43,0.0005625626654364169
1291,stomping,yt-_tzXa79KT10_58.mp4,55,1.775508096102385e-08
1292,stretching,vine-The-old-guys-stretching-before-some-New-Years-bowling-hVteY0xejAU_3.mp4,4,0.00021814901265315711
1293,stretching,vine-Work-Stretching-What-M6PgAn9dFDE_1.mp4,44,4.930025897920132e-05
1294,stretching,vine-warm-up-stretching-before-the-ADMU-DLSU-match-23studio-ABS-CBN-News-h3lUH133Vmr_1.mp4,65,3.984145223512314e-05
1295,stretching,yt-_2Gjwq5_LII_867.mp4,29,4.206006997264922e-05
1296,stretching,yt-_2pT6r0-2JI_1279.mp4,35,1.3417468835541513e-05
1297,stretching,yt-_7QJrFnwTdE_208.mp4,43,7.293330418178812e-05
1298,stretching,yt-_97c_BdZWkI_1056.mp4,44,3.350773567944998e-06
1299,stretching,yt-_CdXOtSnA3o_758.mp4,41,5.3590861170960125e-06
1300,studying,yt-4MIG_kwAriU_183.mp4,0,0.00034440919989719987
1301,studying,yt-_Y-d3V4kix8_108.mp4,0,0.00013719522394239902
1302,studying,yt-_Y-d3V4kix8_82.mp4,12,0.0008448247099295259
1303,studying,yt-v12Huq1NAhk_164.mp4,1,0.0015207998221740127
1304,studying,yt-vbm4uYRsL7g_262.mp4,77,0.00023411912843585014
1305,submerging,vine-Summer-Brainin-diving-in-for-the-50-M0PUaJraJYU_2.mp4,11,0.002530474914237857
1306,submerging,vine-The-boys-diving-in-for-the-recovery-session-after-last-nights-match-GoSocceroos-WorldCup-MIZP2xlW0De_3.mp4,54,0.0015234457096084952
1307,submerging,vine-fun-girls-pool-summer-diving-MFBIVvj2Zm9_1.mp4,2,0.016456054523587227
1308,submerging,yt-1Bd7B3DUiMc_175.mp4,42,0.012103298678994179
1309,surfing,yt--QZxxBY8D0o_32.mp4,56,0.0011261289473623037
1310,surfing,yt--Yl4sd3HkWY_46.mp4,2,0.0033002435229718685
1311,surfing,yt-0aJ4rW37NIk_128.mp4,10,0.0004113022587262094
1312,surfing,yt-0yliRu5bI3k_116.mp4,76,0.0004580429813358933
1313,surfing,yt-2D5ugxEVBXA_294.mp4,23,0.001979419495910406
1314,surfing,yt-2GEUE1likDo_244.mp4,44,0.005233026575297117
1315,surfing,yt-2NUdEvBliD4_54.mp4,23,0.006288329605013132
1316,surfing,yt-2mjHDSH1Yvg_90.mp4,67,0.0023792278952896595
1317,surfing,yt-BhEkf368i28_56.mp4,23,0.0010755494004115462
1318,surfing,yt-_2GI7cq8RZg_52.mp4,6,0.0026574155781418085
1319,surfing,yt-_KlpD6dr7Qw_21.mp4,23,0.010581133887171745
1320,sweeping,vine-sweeping-up-sand-at-the-beach-MmvzQ3VaBTB_2.mp4,18,0.003076537512242794
1321,sweeping,yt--BZKxQ99HZM_48.mp4,64,0.002059253165498376
1322,sweeping,yt-2DpHwgJihOg_50.mp4,32,7.264477608259767e-05
1323,sweeping,yt-_2ovTsSsYEg_40.mp4,55,0.0047915102913975716
1324,sweeping,yt-_FPgOHUU-04_17.mp4,7,0.002121305325999856
1325,swimming,yt--P48Jx6AJ6M_48.mp4,66,7.716316758887842e-06
1326,swimming,yt--cAfxH1WnPo_3.mp4,75,1.3906355889048427e-05
1327,swimming,yt--hhNgEQI1EI_17.mp4,8,3.186747198924422e-05
1328,swimming,yt--oqPm107b_g_19.mp4,55,2.4168466552509926e-06
1329,swimming,yt--yEFVmuJ-Uk_19.mp4,72,3.588191361814097e-07
1330,swimming,yt--yEFVmuJ-Uk_92.mp4,57,7.62011950428132e-07
1331,swimming,yt-_29GOPLPSZY_17.mp4,8,2.340586797799915e-05
1332,swimming,yt-_6jJluQ1vu8_44.mp4,16,4.738891948363744e-05
1333,swimming,yt-_DHZjrHF2CU_12.mp4,31,2.5765451937331818e-05
1334,swimming,yt-_HWMygUJCx4_20.mp4,61,3.873897367157042e-05
1335,swinging,yt-0m63LNVHP1U_20.mp4,14,1.9703956866123917e-07
1336,swinging,yt-1GJj3sQZj9g_72.mp4,7,0.00036903697764500976
1337,swinging,yt-35AFrS1sQVA_131.mp4,29,0.0010852369014173746
1338,swinging,yt-4n1T2MROX-I_60.mp4,8,0.00032999576069414616
1339,swinging,yt-_Hnr82bYGEQ_103.mp4,54,0.0009514547418802977
1340,swinging,yt-akCfy1vkL7g_14.mp4,20,0.0005717228050343692
1341,swinging,yt-amGZySTn_K8_68.mp4,45,0.00030914018861949444
1342,taping,vine-Taping-teachers-to-the-wall-spiritweek-hgEZutYlpzY_2.mp4,9,0.00014042831026017666
1343,taping,yt--5NkiFXkctE_237.mp4,24,2.452208354952745e-05
1344,taping,yt-0FwoBApDF54_76.mp4,16,1.468215060640432e-08
1345,taping,yt-0JjNrda5L2Y_108.mp4,0,1.8108072254108265e-05
1346,taping,yt-_3uhwYsALD8_38.mp4,47,2.758464461294352e-07
1347,taping,yt-_H2GZHXwEf0_102.mp4,40,8.363492725038668e-07
1348,taping,yt-aBhZnuaJOoM_138.mp4,7,1.806441218832333e-08
1349,tapping,yt-_7byojvhp-4_36.mp4,63,0.002846045885235071
1350,tapping,yt-_9BGSUyqNyg_939.mp4,0,0.004269471857696772
1351,tapping,yt-_D38yuQqIic_231.mp4,56,0.00013517070328816772
1352,tapping,yt-_HwcUSjd_Aw_53.mp4,15,0.00018492634990252554
1353,tapping,yt-_cG4MvboCII_153.mp4,57,0.004211961291730404
1354,tattooing,yt-_D0nKpPgQ8g_1951.mp4,59,2.663053919604863e-07
1355,tattooing,yt-_IKgkkFXKHo_57.mp4,19,1.691930265224073e-05
1356,tattooing,yt-_JrxcgmNhto_425.mp4,36,8.292437996715307e-05
1357,tattooing,yt-_bUSloUq89I_36.mp4,66,5.9776193666039035e-06
1358,tattooing,yt-_oHna2EQuoM_321.mp4,23,5.964568572380813e-08
1359,teaching,yt--ApVt04rB4U_131.mp4,34,1.1310747140669264e-05
1360,teaching,yt--QFDi44fEgo_759.mp4,38,0.0010133555624634027
1361,teaching,yt-0YFgNUMRnHo_60.mp4,9,0.001051805098541081
1362,teaching,yt-_7RSFqebquA_31.mp4,43,0.0002816099440678954
1363,tearing,yt-11S6RNQpIII_1147.mp4,51,0.0013209293829277158
1364,tearing,yt-11S6RNQpIII_1176.mp4,36,0.001454764511436224
1365,tearing,yt-2p0OisFIFcI_216.mp4,18,0.0009304635459557176
1366,tearing,yt-3-d11jbDta4_75.mp4,20,0.0020420425571501255
1367,tearing,yt-4iwUJcz8ypk_109.mp4,50,0.0006650174618698657
1368,tearing,yt-6FaNZEIXVns_63.mp4,29,0.0015103821642696857
1369,tearing,yt-8L4nZgdA-CQ_115.mp4,40,0.0011616538977250457
1370,tearing,yt-97lVc0p1VQ4_404.mp4,59,0.0009821642888709903
1371,telephoning,giphy-xatezWvGjfvhK_5.mp4,75,0.00010332193778594956
1372,telephoning,yt-0KoOf8on0mM_13.mp4,76,0.0004018063482362777
1373,telephoning,yt-0pxFuojvHkY_34.mp4,48,0.00025711313355714083
1374,telephoning,yt-1_cOGbC2-28_309.mp4,45,0.00026770506519824266
1375,telephoning,yt-KZww1-hfYNk_187.mp4,70,2.513663457648363e-05
1376,telephoning,yt-L8fBvi2cSN4_40.mp4,52,3.3012117910402594e-06
1377,telephoning,yt-_2L5l-gzDYA_47.mp4,2,0.00011835069017251953
1378,telephoning,yt-_TDP0lZ4Xpc_22.mp4,31,3.934051619580714e-06
1379,telephoning,yt-_TDP0lZ4Xpc_41.mp4,73,1.5269457662725472e-06
1380,telephoning,yt-_WLJGMQYWWo_21.mp4,76,0.00014735254808329046
1381,throwing,yt--1iWWmJmwzI_73.mp4,57,0.0001160625324700959
1382,throwing,yt--AOP_re6SD0_3.mp4,69,7.242407446028665e-05
1383,throwing,yt--_ZMybcaUOw_71.mp4,74,2.4345643396372907e-05
1384,throwing,yt--i3jjoN0gi8_27.mp4,42,2.704090547922533e-06
1385,throwing,yt--jqSV_7Ysho_15.mp4,58,3.081089016632177e-05
1386,throwing,yt--nwcliLuzXU_10.mp4,48,0.00017444124387111515
1387,throwing,yt--zkbCoj2XgQ_7.mp4,42,0.00011152353545185179
1388,throwing,yt-0_hOxBg1uNY_36.mp4,72,4.1028753912542015e-05
1389,throwing,yt-_9SB27cLFKo_6.mp4,33,3.860194738081191e-06
1390,throwing,yt-_Vl8xPrfpjU_62.mp4,14,0.00011225078924326226
1391,tickling,yt-_-LmF97EgRI_59.mp4,71,3.948592166125309e-06
1392,tickling,yt-_5UcHSiaikE_194.mp4,18,3.097215449088253e-05
1393,tickling,yt-_5UcHSiaikE_262.mp4,61,5.5507582146674395e-05
1394,tickling,yt-_Fahq4xV4bc_48.mp4,13,5.611906544800149e-06
1395,tickling,yt-_byC4j0ZUwk_275.mp4,17,5.068313475931063e-05
1396,towing,yt--01jdOoVFxo_3.mp4,12,3.961786569561809e-05
1397,towing,yt-2JpDN_pwVR4_135.mp4,7,1.4525553524435963e-05
1398,towing,yt-_j8jRAaFzdI_26.mp4,77,8.132851507980376e-05
1399,towing,yt-_j8jRAaFzdI_960.mp4,3,8.050393807934597e-05
1400,trimming,yt--58gQSNMClg_22.mp4,34,0.0010095201432704926
1401,trimming,yt--Ct43URE_Eg_212.mp4,76,0.004342282190918922
1402,trimming,yt--QL0eX2cSjU_25.mp4,73,0.0015638484619557858
1403,trimming,yt-0a2itSXu82E_52.mp4,25,0.00029815034940838814
1404,trimming,yt-_9rkLhAWzlI_67.mp4,58,0.003798996564000845
1405,trimming,yt-_qVHb_VJjsk_38.mp4,51,5.595741095021367e-05
1406,tripping,yt-4BejUuhvQJg_5.mp4,52,0.00032233542879112065
1407,tripping,yt-dGjHK5X8mzE_101.mp4,18,0.0007530032307840884
1408,tripping,yt-egnAzNpqLdY_7.mp4,16,0.001204372034408152
1409,tuning,yt-07b-gdeZjrU_25.mp4,6,0.01142218615859747
1410,tuning,yt-8o0u6QRPmTY_55.mp4,34,0.0027337525971233845
1411,tuning,yt-bmxqiYKsWZI_5.mp4,65,0.011904020793735981
1412,tuning,yt-cgLftNVCCII_188.mp4,22,0.0027827888261526823
1413,tuning,yt-cgLftNVCCII_204.mp4,19,0.0028434833511710167
1414,turning,yt--kUkzpvFS8k_124.mp4,40,0.00019567871640902013
1415,turning,yt-03UKUcmJvco_32.mp4,9,0.00030325702391564846
1416,turning,yt-03XIk_R2TsU_30.mp4,49,3.2818654290167615e-05
1417,turning,yt-1YR0orwWMp8_139.mp4,7,9.08247529878281e-05
1418,twisting,yt-0G6MDkIkoBk_179.mp4,74,0.013758592307567596
1419,twisting,yt-3mGoWRgUrjw_34.mp4,33,0.009234873577952385
1420,twisting,yt-6-GofKymsXQ_52.mp4,36,0.008317772299051285
1421,twisting,yt-_lMf6ybgelg_123.mp4,6,0.015719741582870483
1422,twisting,yt-_lMf6ybgelg_74.mp4,34,0.005965677089989185
1423,tying,yt--54Bs-0kdhA_8.mp4,59,5.381922164815478e-06
1424,tying,yt--55he7NGmDA_61.mp4,31,7.044935045996681e-06
1425,tying,yt-_6buPanS92w_3.mp4,72,0.00015379986143670976
1426,tying,yt-_Gmc65XeyNI_57.mp4,72,2.6156934836762957e-05
1427,tying,yt-_sUqDzvynnc_16.mp4,0,0.00021646202367264777
1428,tying,yt-_v9uSvTd5o4_134.mp4,66,0.0002534301020205021
1429,typing,yt--azyHjjV_rQ_1387.mp4,73,9.71905251390126e-07
1430,typing,yt--nJ-GG9GESI_40.mp4,57,6.200594953043037e-07
1431,typing,yt--nJ-GG9GESI_53.mp4,45,6.013397069182247e-07
1432,typing,yt--u65msDsTVQ_48.mp4,63,3.863618530886015e-06
1433,typing,yt-_3kEcNDYPls_1.mp4,70,1.146765313819742e-07
1434,typing,yt-_yBZzpyc1qI_1547.mp4,67,7.178118988093729e-09
1435,unloading,yt-2IN85w8ptmM_51.mp4,6,0.0001156091529992409
1436,unloading,yt-_LdlQYGB3Fk_28.mp4,64,0.0001667895558057353
1437,unloading,yt-_y_yyyYp4FY_15.mp4,62,4.092129074706463e-06
1438,unloading,yt-gYWd05xGgSs_20.mp4,61,2.478228088875767e-05
1439,unpacking,yt_R-0g1uKhoVr58_31.mp4,60,0.0015725563280284405
1440,unpacking,yt_R-2_bSgNqN6NY_312.mp4,15,0.0011062492849305272
1441,unpacking,yt_R-2j7gi7BplmU_35.mp4,67,0.0006979581085033715
1442,unpacking,yt_R-3zE0MxMDuEc_417.mp4,71,0.0007935336325317621
1443,unpacking,yt_R-5GFXiRRCw88_197.mp4,48,0.0012604303192347288
1444,unpacking,yt_R-5drap_to46I_359.mp4,78,0.00011819924839073792
1445,unpacking,yt_R-5ePoJTj98Jg_205.mp4,52,0.00116485427133739
1446,vacuuming,yt---iHJxg-tH4_37.mp4,59,1.1959963558183517e-05
1447,vacuuming,yt--0r0HEwAYiQ_21.mp4,61,0.00213580671697855
1448,vacuuming,yt--90KbrVO9XY_315.mp4,51,0.0001585951104061678
1449,vacuuming,yt--llgFZDNO3s_725.mp4,36,0.001802024315111339
1450,vacuuming,yt--xeHsqLbIw0_121.mp4,60,0.0012307510478422046
1451,vacuuming,yt-_BrH4s8WTew_53.mp4,26,0.00031623998074792325
1452,vacuuming,yt-_cDlSUOKh3s_2.mp4,24,0.002867324510589242
1453,waking,yt-2WXYh6y0qmw_107.mp4,73,0.0001547225983813405
1454,waking,yt-4WqnzltijVE_20.mp4,13,0.0001632789062568918
1455,waking,yt-6KebI5-tcYE_2.mp4,25,4.2003281123470515e-05
1456,walking,yt--ndqpl0fytk_78.mp4,48,0.0006131731206551194
1457,walking,yt-_ECec7TAtzo_686.mp4,69,0.00041748699732124805
1458,walking,yt-_TWbD3MKfMI_294.mp4,4,0.0008621562155894935
1459,washing,yt--M9NIBnVh3U_863.mp4,61,0.00046971970004960895
1460,washing,yt--Sv4KthAFTs_737.mp4,74,0.0012980549363419414
1461,washing,yt--Sv4KthAFTs_771.mp4,10,0.000396729854401201
1462,washing,yt-0baImdCrsF0_163.mp4,65,0.0006832148064859211
1463,washing,yt-QbqHylj8VJ8_55.mp4,71,0.0035901700612157583
1464,washing,yt-_5NfjoSElbI_14.mp4,17,0.007950068451464176
1465,washing,yt-_WQfDypPens_71.mp4,28,0.0050306376069784164
1466,watering,yt--QjAyuhLDZg_20.mp4,47,0.00024016205861698836
1467,watering,yt-0RIrsKmnR2M_382.mp4,74,0.0002825148112606257
1468,watering,yt-3D1iYRrjXfc_14.mp4,58,0.0005376729532144964
1469,watering,yt-73-KxcLwy1M_82.mp4,63,0.0001247500767931342
1470,watering,yt-c4RN6zLIjsg_25.mp4,6,0.0007744059548713267
1471,waving,yt--HSW_HjQ1tc_115.mp4,13,3.3038650144590065e-05
1472,waving,yt-0Un6Ea8d_aA_219.mp4,25,8.756751049077138e-05
1473,waving,yt-3tncct7MV7s_11.mp4,0,0.0007662542629987001
1474,waving,yt-5p_ZUJiI1YU_3.mp4,11,3.322335396660492e-05
1475,waving,yt-_RHL-DEh6rs_64.mp4,55,0.00024073137319646776
1476,waving,yt-_aw4E3u50UE_19.mp4,12,0.00013763444439973682
1477,waxing,yt--081qTv9fXc_67.mp4,15,2.3878540105215507e-06
1478,waxing,yt-_501sJR7fT4_76.mp4,39,0.00027283301460556686
1479,waxing,yt-_5bGz7IbgX8_11.mp4,36,0.00014508634922094643
1480,waxing,yt-_GSKUMvt29g_77.mp4,58,0.0002126077306456864
1481,waxing,yt-_zM7AT-sB_o_9.mp4,71,0.000410307664424181
1482,weeding,yt-01n-ag_ZwPM_47.mp4,25,3.739121166290715e-05
1483,weeding,yt-3o9WUyucEIQ_117.mp4,65,0.00013228305033408105
1484,weeding,yt-4BAsE47kJNk_34.mp4,12,0.0001713215751806274
1485,weeding,yt-4BAsE47kJNk_88.mp4,9,0.00018514826660975814
1486,weeding,yt-9ThNOOT9Yks_62.mp4,27,0.00022554890892934054
1487,weeding,yt-_YMGMTdOpEc_11.mp4,7,0.00021969627414364368
1488,wetting,yt-_De-0kKlx_4_45.mp4,34,0.00013040208432357758
1489,wetting,yt-_Xe2JGgt7Ys_7.mp4,37,0.0021537169814109802
1490,wetting,yt-uCmStSruEFk_25.mp4,45,0.0005597025156021118
1491,whistling,vine-Whistling-in-the-spirit-MxbhML13KMU_3.mp4,25,4.171235195826739e-05
1492,whistling,vine-Whistling-is-beautiful-2-MUHF9Tevq3H_2.mp4,75,0.00017433534958399832
1493,whistling,vine-whistling-lady-gaga-by-myself-awkward-at-pRties-number-29-MirEqb1FirJ_1.mp4,67,8.053026249399409e-05
1494,whistling,vine-whistling-the-shrek-theme-song-while-a-burrito-is-being-microwaved-hjPL23xDPdZ_1.mp4,62,7.271282356668962e-06
1495,whistling,yt-_3sx8GaCRKc_34.mp4,36,0.00014407398703042418
1496,whistling,yt-_RVGfw7TpBI_3.mp4,29,1.1445521153063964e-07
1497,whistling,yt-_p4XMCysUo0_189.mp4,72,1.195977529278025e-05
1498,winking,vine-Normal-people-winking-VS-My-wink-wink-ugly-nolife-MzJpqmFqWdU_1.mp4,30,0.00741280522197485
1499,winking,vine-Normal-people-winking-likeforlike-lfl-l4l-MmtgrlZEwze_1.mp4,5,0.0051189023070037365
1500,winking,vine-Normal-people-winking-vs-me-hXlgD7ABWMZ_2.mp4,44,0.002434132620692253
1501,winking,vine-Winking-blp36uKEiZq_1.mp4,43,0.004142068792134523
1502,winking,vine-Winking-is-a-struggle-Courtney-Polselli-winkingproblems-hQHJ0ujpBpD_1.mp4,14,0.007213262375444174
1503,winking,yt-_wiRw-CauPc_3.mp4,73,0.0036708309780806303
1504,winking,yt-c2SMsIutUOs_15.mp4,35,0.006806699093431234
1505,winking,yt-eZdtN0dEPuA_2.mp4,35,0.0019777463749051094
1506,working,yt-5ZuV5Z6enS8_637.mp4,2,0.0013736477121710777
1507,working,yt-Gmd1LRCHhpA_60.mp4,60,0.004194371867924929
1508,working,yt-JA_xpjGpyFc_703.mp4,13,0.0027442153077572584
1509,working,yt-b4MzHF1g0LU_170.mp4,39,0.0053190803155303
1510,working,yt-bsYAHJMazAU_153.mp4,62,6.792542990297079e-05
1511,working,yt-gvk6OxcjFK0_269.mp4,54,0.005212679505348206
1512,working,yt-hr1pvj6kC3s_444.mp4,62,0.0017447291174903512
1513,wrapping,giphy-BHUOZJ9x77YC4_1.mp4,6,0.00018256578186992556
1514,wrapping,giphy-HfvXo3CxNh960_0.mp4,8,0.000687299354467541
1515,wrapping,giphy-R31W2DkWe2DKM_3.mp4,33,0.00043307029409334064
1516,wrapping,giphy-hZA0oCcQvvKo_2.mp4,5,0.00010779766307678074
1517,wrapping,giphy-khvTFhTXunI1a_11.mp4,22,0.0005266047082841396
1518,wrapping,vine-Wrapping-a-suitcase-like-a-venezuelan-travel-h0nK2uFqP9X_1.mp4,1,0.000551177654415369
1519,wrapping,vine-bI1vZDJbEw6_1.mp4,13,0.0002935542433988303
1520,wrapping,vine-gwenhutchens-freestyle-wrapping-hEqxjO3z1be_3.mp4,50,4.909802555630449e-07
1521,wrapping,yt-4Q8rVCa7vjc_92.mp4,63,8.540033013559878e-05
1522,wrapping,yt-8mbPcghX4Rc_436.mp4,36,9.708876314107329e-05
1523,wrapping,yt-DRWMUsADKFM_127.mp4,18,3.2547468435950577e-06
1524,wrestling,yt-_Lo3hFbum_o_6.mp4,63,1.3984105180497863e-06
1525,wrestling,yt-_UD2y2sBggc_8.mp4,73,1.6917692846618593e-06
1526,wrestling,yt-_UE4zEIVk80_482.mp4,7,7.803911472592517e-08
1527,wrestling,yt-_UMnmp2ew4k_24.mp4,66,4.031751075217471e-07
1528,wrestling,yt-_hwI3fEVXr8_8.mp4,18,1.7724622125570022e-07
1529,wrestling,yt-_mirlLIAIRA_124.mp4,52,1.2763211998390034e-06
1530,writing,vine-Grandpa-has-the-best-handwriting-MzM1ZBQvhBa_3.mp4,51,0.0017800405621528625
1531,writing,vine-signing-a-card-with-her-ugly-handwriting-hVBXuQx2ZO7_3.mp4,55,0.0015693677123636007
1532,writing,yt--hMk_dZ4Le0_30.mp4,70,0.0009829946793615818
1533,writing,yt-0XEeI4MRp0E_33.mp4,69,2.639927288328181e-06
1534,writing,yt-Bz4dGx0Wt_U_391.mp4,12,1.19266105684801e-05
1535,writing,yt-bKL6BRXqcy0_152.mp4,28,5.71942973692785e-06
1536,yawning,vine-How-bitches-be-when-they-be-yawning-hV5VZHxJztL_1.mp4,75,2.8206508432049304e-05
1537,yawning,vine-How-white-people-yawn-vs-how-black-people-yawn-white-black-stop-yawning-so-hard-hqTdgL17Abq_2.mp4,26,4.822712071472779e-06
1538,yawning,vine-I-actually-yawned-while-doing-this-xD-yawn-yawning-Hashtag-Mn9JUW1dAdZ_1.mp4,18,8.802235970506445e-05
1539,yawning,vine-I-bet-u-yawned-_-yawning-howudoin-MF5wai0eYxr_2.mp4,20,1.1614711183938198e-06
1540,yawning,vine-I-hear-yawns-are-contagious-bahaha-yawning-tired-contagious-longnights-MiBaUK9rVFU_3.mp4,0,2.3487846192438155e-05
1541,yawning,vine-I-was-yawning-and-MVhVBThMUqQ_2.mp4,54,0.00020725553622469306
1542,yawning,vine-yawning-wife-MdB9Y7MuUj0_3.mp4,58,4.872439239989035e-05
1543,yawning,yt-_0YhIgRtYfo_3.mp4,56,8.957340469351038e-06
